,text,span,correct
0,Kutsume kõiki huvilisi 17. mail kell 11 Hurmi järve äärde külavisiooni talgutele !,"{'start': 40, 'end': 51, 'text': 'Hurmi järve', 'labels': ['LOC']}",no
1,"14. dets. 1936. a. Peipsi järvelt 7 kalurit...milline relvastus meie piirivalvuritel , kas on kordonites kuulipildujaid , kuidas on ülemuste nimed ja aukraadid .","{'start': 19, 'end': 33, 'text': 'Peipsi järvelt', 'labels': ['LOC']}",yes
2,Ta teenis Aegna saarel ning mängis sõjaväe orkestris .,"{'start': 10, 'end': 22, 'text': 'Aegna saarel', 'labels': ['LOC']}",yes
3,"“ Ja just siia Lagedile , Pirita jõe ja Leivajõe vahelisele saarele . ”","{'start': 26, 'end': 36, 'text': 'Pirita jõe', 'labels': ['LOC']}",yes
4,"Opa , Ilsnä , Ipiku , Mäemõisa , Karkla , Kirbla , Koiva , Koivaliina , Kuivaste , Kuramaa , Kööna , Alamõisa , Vana-Liivimaa , Lemsalu , Loodi , Lutsi , Luke , Väike-Salatsi , Nausküla , Pedeli jõgi , Pedetsi jõgi , Reikküla järv , Räisaku , Ruhja jõgi , Salatsi , Salatsi jõgi , Uue-Salatsi , Säde jõgi , Sältnä , Talli , Tiikre , Tõrsa jõgi , Vaidva jõgi , Läti Valga , Vana-Laitsna e Laitsna , Vastse-Laitsna , Vana-Salatsi , Võnnu , Läti Liivimaa","{'start': 202, 'end': 214, 'text': 'Pedetsi jõgi', 'labels': ['LOC']}",yes
5,"vastavalt määruse ( EMÜ ) nr 1601/92 artiklile 2 reguleeritakse kõnealuse korra alusel vajadust eespoolmainitud määruse lisas loetletud toodete järele , mis on mõeldud Kanaari saartel vahetult inimtoiduks tarbimiseks ning töötlemiseks ja pakendamiseks ; kõnealuseid vajadusi hinnatakse igal aastal prognoositava tarnebilansi alusel , mille võib aasta jooksul saarte vajaduste muutumist arvesse võttes üle vaadata ; töötleva ja pakenditööstuse vajaduste hindamiseks võib kohalikule turule viidavate või tavapärasel viisil ülejäänud ühendusse veetavate toodete osas koostada eraldi prognoositava tarnebilansi .","{'start': 168, 'end': 183, 'text': 'Kanaari saartel', 'labels': ['LOC']}",no
6,"nõukogu määruses ( EMÜ ) nr 1601/92 ,  6  muudetud komisjoni määrusega ( EMÜ ) nr 3714/92 ,  7  määratakse kindlaks kohalik tootmistoetus inimtoiduks ettenähtud kartulite Kanaari saartel tootmise jaoks ; toetuse summat tuleks kohandada eespool nimetatud sätete kohaselt ;","{'start': 171, 'end': 186, 'text': 'Kanaari saartel', 'labels': ['LOC']}",yes
7,"Väljas oli vali pakane , nii et isegi Paldiski meri oli jääs .","{'start': 38, 'end': 51, 'text': 'Paldiski meri', 'labels': ['LOC']}",yes
8,"Tervelt kolmekümne ühel kontserdil , millest enamik tasuta ning osa jõudis maainimesele päris koju - Kärusse , Koeru , Prangli saarele .","{'start': 119, 'end': 134, 'text': 'Prangli saarele', 'labels': ['LOC']}",yes
9,"Teisipäevaks oli Pärnu jõgi suvise tasemega võrreldes 3 meetrit ja 65 sentimeetrit tõusnud , kirjutas Pärnu Postimees .","{'start': 17, 'end': 27, 'text': 'Pärnu jõgi', 'labels': ['LOC']}",yes
10,Kas ka Peipsi-Pihkva järv on territoriaalvesi või ei ole ?,"{'start': 7, 'end': 25, 'text': 'Peipsi-Pihkva järv', 'labels': ['LOC']}",yes
11,"0011 Prantsusmaa : Atlandi ookeani ja Põhjamere rannikualad 0012 Prantsusmaa : Vahemere rannikualad 0041 Saksamaa : Põhjamere rannikualad 0042 Saksamaa : Läänemere rannikualad 0043 Saksamaa : Reini jõgi 0061 Ühendkuningriik 0062 Mani saar 0063 Kanalisaared 0111 Hispaania : põhjapoolne Atlandi ookeani rannikualad 0112 Hispaania : Vahemere rannikualad ja Atlandi ookeani lõunapoolsed rannikualad 0301 Rootsi : Läänemere rannikualad 0302 Rootsi : Põhjamere rannikualad 0521 Türgi : Musta mere rannikualad 0522 Türgi : Vahemere rannikualad 0751 Venemaa : Musta mere rannikualad 0752 Venemaa : Läänemere rannikualad 0753 Venemaa : Aasia rannikualad 2041 Maroko : Vahemere rannikualad 2042 Maroko : Lääne-Aafrika rannikualad 2201 Egiptus : Vahemere rannikualad 2202 Egiptus : Punase mere rannikualad 6241 Iisrael : Vahemere rannikualad 6242 Iisrael : Punase mere rannikualad 6321 Saudi Araabia : Punase mere rannikualad 6322 Saudi Araabia : Pärsia lahe rannikualad 4001 Ameerika Ühendriigid : Atlandi ookeani põhjapoolsed rannikualad 4002 Ameerika Ühendriigid : Atlandi ookeani lõunapoolsed rannikualad 4003 Ameerika Ühendriigid : Mehhiko laht 4004 Ameerika Ühendriigid : Vaikse ookeani lõunapoolsed rannikualad 4005 Ameerika Ühendriigid : Vaikse ookeani põhjapoolsed rannikualad 4006 Ameerika Ühendriigid : Suur järvistu 4007 Puerto Rico 4041 Kanada : Atlandi ookeani rannikualad 4042 Kanada : Suur järvistu , St Lawrence'i ülemjooks 4043 Kanada : läänerannik 4801 Colombia : põhjarannik 4802 Colombia : läänerannik lisakoodid 9991 Avamererajatised 9992 Liit- ja mujal määratlemata alad","{'start': 892, 'end': 903, 'text': 'Punase mere', 'labels': ['LOC']}",no
12,Enim ülemääraseid toitaineid kannab Haapsalu lahte Taebla jõgi .,"{'start': 51, 'end': 62, 'text': 'Taebla jõgi', 'labels': ['LOC']}",yes
13,"Piirissaare vald ei ole mitte ainuke saarekene Peipsi järve sees , Praagas on ka omad probleemid .","{'start': 47, 'end': 59, 'text': 'Peipsi järve', 'labels': ['LOC']}",yes
14,"Palmipuudepühal meisterdati Tarbekunstimuuseumi töötoas Tiina Piisangu juhendamisel munatopse materjalist , mille kunstnik oli Pirita jõe kallastelt korjanud .","{'start': 127, 'end': 137, 'text': 'Pirita jõe', 'labels': ['LOC']}",yes
15,Vilsandi saarel on juba loomade vähesuse tõttu karjatamisega probleeme .,"{'start': 0, 'end': 15, 'text': 'Vilsandi saarel', 'labels': ['LOC']}",yes
16,Soome klubivuti valitseja Valkeakoski Haka piirdus Fääri saartel Torshavniga heideldes 1 : 1 viigiga .,"{'start': 51, 'end': 64, 'text': 'Fääri saartel', 'labels': ['LOC']}",no
17,"Puksiir kaotas tühja pargase ära 29. novembril Ruhnu saare all , kust see kandus tormituultega Saaremaa rannikule ja jooksis Sõrves Vintri küla all madalikule kinni , kirjutas Meie Maa .","{'start': 47, 'end': 58, 'text': 'Ruhnu saare', 'labels': ['LOC']}",yes
18,"Manhattani saare , kus kaubanduskeskus asus , avastas 17. sajandil Henry Hudson 11. septembril .","{'start': 0, 'end': 16, 'text': 'Manhattani saare', 'labels': ['LOC']}",yes
19,70ndatel maaparandajate süvendatud kanalis voolab Emajõe poole Pori jõgi .,"{'start': 63, 'end': 73, 'text': 'Pori jõgi ', 'labels': ['LOC']}",no
20,"NÕUKOGU MÄÄRUS ( EÜ ) nr 2549/2000 , millega kehtestatakse Iiri mere ( ICES VIIa rajoon ) tursavarude taastamise täiendavad tehnilised meetmed 17. november 2000","{'start': 59, 'end': 68, 'text': 'Iiri mere', 'labels': ['LOC']}",yes
21,"USA armee kinnitas eile , et kolmapäeval Bagdadi lähedal Eufrati jõest leitud surnu oli üks kolmest kadunud USA sõdurist .","{'start': 57, 'end': 70, 'text': 'Eufrati jõest', 'labels': ['LOC']}",yes
22,"Kui näiteks uurida atlasest Maui saart , võib vaadata videoklippe surfamisest , sukeldumisest või rannas ujuvatest kirevatest kaladest .","{'start': 28, 'end': 38, 'text': 'Maui saart', 'labels': ['LOC']}",yes
23,"Pädev asutus korraldab tarnepiirangute süsteemi nii , et oleks võimalik artikli 10 lõikes 1 osutatud koguste tarnimine Kanaari saartele .","{'start': 119, 'end': 135, 'text': 'Kanaari saartele', 'labels': ['LOC']}",yes
24,Sertifikaaditaotluse ja sertifikaadi lahtrisse 24 tehakse märge “ Kanaari saartel kasutatav sertifikaat ” .,"{'start': 66, 'end': 81, 'text': 'Kanaari saartel', 'labels': ['LOC']}",no
25,Eesti meremehed sõitsid ju ka Balti merest välja ja pidid tõenäoliselt olema niisuguste asjadega kursis .,"{'start': 30, 'end': 42, 'text': 'Balti merest', 'labels': ['LOC']}",yes
26,"Avaldusest loen välja , et Narva jõgi oli juba 5000 aastat tagasi demokraatia piiriks .","{'start': 27, 'end': 37, 'text': 'Narva jõgi', 'labels': ['LOC']}",yes
27,"Tema armee piiras Leningradi ja tegi Hitlerile 1943. aasta sügisel ettepaneku taanduda plaanipäraselt , ära vedades kõik oma laod ja varud Narva jõe , Peipsi järve , Pihkva Velikaja jõe joonele ning võtta seal püsikaitse sisse ja kaitsta Baltikumi .","{'start': 151, 'end': 163, 'text': 'Peipsi järve', 'labels': ['LOC']}",yes
28,"6. augustil jõustus Eesti ja Venemaa vaheline kokkulepe laevaliiklusest Peipsi , Lämmi- ja Pihkva järve vesikonnas .","{'start': 91, 'end': 103, 'text': 'Pihkva järve', 'labels': ['LOC']}",yes
29,"Egeuse mere lõunaosas Karpat-hose saare kohal põrkasid eile kokku Kreeka ja Türgi hävitaja , teatas Kreeka kaitseministeerium .","{'start': 0, 'end': 11, 'text': 'Egeuse mere', 'labels': ['LOC']}",yes
30,"Kariibi meres asuva Haiti saare elanikud jäädvustasid videolindile taevas lennanud kaks objekti , mis nende sõnul võisid UFOd olla .","{'start': 0, 'end': 13, 'text': 'Kariibi meres', 'labels': ['LOC']}",yes
31,Merivälja tee läheb Pirita jõe silla ja Randvere tee vahel remonti mai alguses .,"{'start': 20, 'end': 30, 'text': 'Pirita jõe', 'labels': ['LOC']}",yes
32,Homo erectuse esimene leid tehti 1891. a. Jaava saare idaosas Trinili paikkonnas .,"{'start': 42, 'end': 53, 'text': 'Jaava saare', 'labels': ['LOC']}",yes
33,« White force »  -Inimesesd - Blackmooni saarel elavad inimesed,"{'start': 30, 'end': 47, 'text': 'Blackmooni saarel', 'labels': ['LOC']}",yes
34,"Päikese kustumisel oleks siiski ka häid külgi : päikesepistet ei saaks , nahavähki ei tekiks , õlu ei läheks soojaks , siis saaks paremini Päikese ehitust uurida , ei peaks muretsema ultraviolettkiirguse pärast , ei pea puhkusemõnusid Kanaari saartele otsima minema - kõikjal on ju sama temperatuur !","{'start': 235, 'end': 251, 'text': 'Kanaari saartele', 'labels': ['LOC']}",yes
35,Ma olin eelmises elus Borneo saarel kitsekarjus .,"{'start': 22, 'end': 35, 'text': 'Borneo saarel', 'labels': ['LOC']}",yes
36,"Peab ühe mõnusa pikniku ja tagasi tuleb siis , kui Abruka saare lood vaadatud ja ilu nauditud .","{'start': 51, 'end': 63, 'text': 'Abruka saare', 'labels': ['LOC']}",yes
37,"Minoilise kultuuri üks tähtsamaid mälestusmärke väljaspool Kreetat on väljakaevatud Akrotiri linn vulkaanilisel Thera ( Santorini ) saarel , mis 1450. aasta paiku e.m.a.","{'start': 112, 'end': 138, 'text': 'Thera ( Santorini ) saarel', 'labels': ['LOC']}",no
38,"Laevade punkerdamisega tegelevalt NT Marinelt ostis ” Tammsaare ” eelmise aasta 28 . oktoobril Raven Servise INC , mis on registreeritud Bahama saarte ühenduses asukohaga New Providence'i saarel Nassaus .","{'start': 137, 'end': 150, 'text': 'Bahama saarte', 'labels': ['LOC']}",yes
39,"Kas "" Lendas üle käopesa "" indiaanlane polnud hoopiski äkki Hawaii saartelt ?","{'start': 60, 'end': 75, 'text': 'Hawaii saartelt', 'labels': ['LOC']}",yes
40,"Nimelt sukeldusid Shotimaal 19. juulil 1913. aastal , teel koju kohalikust pubist Davonshire järve Doug McMillan ja Henry Willbury selgitamaks , kes on kangem mees hinge kinni pidama .","{'start': 82, 'end': 98, 'text': 'Davonshire järve', 'labels': ['LOC']}",no
41,"Ohhoota mere põhjaosa , Hokkaido","{'start': 0, 'end': 12, 'text': 'Ohhoota mere', 'labels': ['LOC']}",yes
42,vastavalt osutatud lisa punktile 7.2 tuleb sellised meetmed hoolikalt kohandada Kanaari saarte siseturu oludega vältimaks mis tahes kaubandushäireid ning põhimõtteliselt tuleb nende kasutamist piirata määruse ( EMÜ ) nr 1911/91 artiklis 6 sätestatud ühise tollitariifistiku astmeliseks kohaldamiseks Kanaari saartele ettenähtud üleminekuperioodiga ; seepärast tuleks üleminekuperioodi lõpus pärast kõnealuse impordi olukorraga tutvumist kehtestada sätted meetmete kasutamise võimaliku pikendamise kohta pärast osutatud perioodi lõppemist ;,"{'start': 300, 'end': 316, 'text': 'Kanaari saartele', 'labels': ['LOC']}",yes
43,"Musta mere loodeosas algasid eile NATO ja rahupartnerlusprogrammi riikide mereväeõppused "" Cooperative Partner "" .","{'start': 0, 'end': 10, 'text': 'Musta mere', 'labels': ['LOC']}",yes
44,""" Rabahane arvas WI loendist välja põhjusel , et tal pole seost riskialade ehk Musta ja Egeuse mere ning Lõuna – Uuraliga .","{'start': 88, 'end': 99, 'text': 'Egeuse mere', 'labels': ['LOC']}",yes
45,"» Teisipäeval külastas president Oscar Berger õnnetuspaika , mis asub pealinnast 186 km läänes turistide seas populaarse Atitlani järve ääres .","{'start': 121, 'end': 135, 'text': 'Atitlani järve', 'labels': ['LOC']}",yes
46,"Aianduskeskus Ceres avas Tallinnas Harku järve ääres esimese etapi oma uuenevast keskusest , 1000ruutmeetrise müügipinna .","{'start': 35, 'end': 46, 'text': 'Harku järve', 'labels': ['LOC']}",yes
47,2001. aasta kevadel püüdis Evald Turro Pedja jõest 13kilose haugi .,"{'start': 39, 'end': 50, 'text': 'Pedja jõest', 'labels': ['LOC']}",yes
48,Kalarikas Pedja jõgi,"{'start': 10, 'end': 20, 'text': 'Pedja jõgi', 'labels': ['LOC']}",no
49,"Saksamaa 12. aprilli 1994. aasta taotluses esitatud teabele , mille alusel mandri ja Ida-Friisi saarte vahelised regulaarliinid vabastati komijoni otsusega  3  direktiivi 93/75/EMÜ artikli 5 lõike 4 kohaldamisest , on lisatud 23. veebruari 1996. aasta teatis regulaarliinide kohta mandri ja Põhja-Friisi saarte vahel ; selles teatises palus Saksamaa komisjonil vabastada relulaarliinid Dagebülli ja Wittgüni ( Amrumi saar ) ning Schüttsieli ja Hallig Langenessi vahel , mille ülesõiduajad on 2 tundi ;","{'start': 85, 'end': 102, 'text': 'Ida-Friisi saarte', 'labels': ['LOC']}",yes
50,"« Paris Match ületas igasuguse piiri ja tuleb paika panna , » pahvatas Nicolas Sarkozy partei aseesimees Herve Mariton ja lisas , et tolle nädalalehe on juba oma eraelu avalikustamise eest kohtusse kaevanud endine peaminister Jean-Pierre Raffarin ( fotod luksuspuhkusest Kreeta saarel ) ja minister Jean-Louis Borloo ( ülesvõtted rajust nädalalõpust ilma abikaasata ) .","{'start': 271, 'end': 284, 'text': 'Kreeta saarel', 'labels': ['LOC']}",yes
51,Ali bin Ladeni lihtne pulmatseremoonia toimus kolmapäeva õhtul Punase mere ääres Jiddah'linnas .,"{'start': 63, 'end': 74, 'text': 'Punase mere', 'labels': ['LOC']}",yes
53,Mitu surnukeha peitis ta Green Riveri ( Rohelise jõe ) äärde .,"{'start': 40, 'end': 52, 'text': 'Rohelise jõe', 'labels': ['LOC']}",no
54,"Peaauhind on perereis Kanaari saartele , iga nädal loositakse välja perereis Serena veeparki , jalgratas ja rulluisud .","{'start': 22, 'end': 38, 'text': 'Kanaari saartele', 'labels': ['LOC']}",yes
55,"Aga nendesse voolas see Ülemiste järvest , kus ei peetud kinni mingist tänapäeva mõiste kohasest sanitaarrežiimist - ujutati ja joodeti loomi jms .","{'start': 24, 'end': 40, 'text': 'Ülemiste järvest', 'labels': ['LOC']}",yes
56,Öösel Ahvenamaa saartelt ida poole kiirustanud aktiivne tsüklon viib suurema saju Baltimaadelt Venemaale .,"{'start': 6, 'end': 24, 'text': 'Ahvenamaa saartelt', 'labels': ['LOC']}",yes
57,"Eesti kultuuri on Fääri saartel tutvustamas Eesti Nukuteater lavastusega "" Pöial-Liisi "" , muusikud Villu Veski ja Tiit Kalluste ning tekstiilikunstnik Liivia Leškin .","{'start': 18, 'end': 31, 'text': 'Fääri saartel', 'labels': ['LOC']}",yes
58,"Viljandi järve rannakohvikus mängivad algusega kell 22 house'i DJ-d Rain Tolk , Eero Jakobson ja Dr . Valz .","{'start': 0, 'end': 14, 'text': 'Viljandi järve', 'labels': ['LOC']}",yes
59,Uus-Guinea saare idaosa ja lähedalasuvaid saari hõlmav Paapua Uus-Guinea sai iseseisvaks 22 aastat tagasi .,"{'start': 0, 'end': 16, 'text': 'Uus-Guinea saare', 'labels': ['LOC']}",yes
60,Õnnetus juhtus Saarde vallas Nõmme järvel .,"{'start': 29, 'end': 41, 'text': 'Nõmme järvel', 'labels': ['LOC']}",yes
61,Eriti eksootilise ööbimispaigana on korraldajad reklaaminud Viljandi järve .,"{'start': 60, 'end': 74, 'text': 'Viljandi järve', 'labels': ['LOC']}",yes
63,Äsja Malta saarelt inglise keele õpingutelt naasnud riigikogulane Tiit Mae sõidab varsti jälle välismaale keeletundi .,"{'start': 5, 'end': 18, 'text': 'Malta saarelt', 'labels': ['LOC']}",no
64,Bocelli ametliku kodulehe tuurikavas on peale Tallinna kontserdi kirjas veel vaid esinemised 19. juulil New Yorgi Central Parkis ja 26. juulil Capri saarel .,"{'start': 143, 'end': 155, 'text': 'Capri saarel', 'labels': ['LOC']}",yes
65,Venemaa ja Norra tuukrid jõudsid eile teha ava Barentsi mere põhjas 108 meetri sügavuses lebava aatomiallveelaeva keresse .,"{'start': 47, 'end': 60, 'text': 'Barentsi mere', 'labels': ['LOC']}",yes
66,"Traditsiooniks kujunenud orelikontsert Leigo järvel küünalde ja lõkete kumas lõpetas eile õhtul selleaastase Leigo järvemuusika , kus tuhandetel muusikahuvilistel oli võimalik osa saada viiest suurest kontserdist .","{'start': 39, 'end': 51, 'text': 'Leigo järvel', 'labels': ['LOC']}",yes
67,Jaltas eile ja täna toimuval Läänemere ja Musta mere äärsete riikide tippkohtumisel arutatakse nende maade koostööd ja integreerumist XXI sajandil .,"{'start': 42, 'end': 52, 'text': 'Musta mere', 'labels': ['LOC']}",yes
68,"Venemaa president Vladimir Putin suundus pärast FSB aruande saamist Moskvast ära : esimese koolipäeva üritused , visiidid Sahhalini saarele , Tokyosse ja New Yorki .","{'start': 122, 'end': 139, 'text': 'Sahhalini saarele', 'labels': ['LOC']}",yes
69,"Sissetungi algul Tšetšeeniasse kinnitasid Vene sõjaväelased , et võtavad oma kontrolli alla vaid vabariigi tasase põhjaosa ning rajavad Tereki jõe vasakkaldale sanitaarkordoni .","{'start': 136, 'end': 146, 'text': 'Tereki jõe', 'labels': ['LOC']}",yes
70,"Needsamad meremehed aga teenisid Curacao saarel , kus nende ülesanne oli Hollandi võimude abistamine nn . narkosõja pidamisel Kariibi mere regioonis .","{'start': 126, 'end': 138, 'text': 'Kariibi mere', 'labels': ['LOC']}",yes
71,Käisime kahes Hiina viiest erimajanduspiirkonnast - Xiamenis ja Lõuna-Hiina meres asuval Hainani saarel .,"{'start': 89, 'end': 103, 'text': 'Hainani saarel', 'labels': ['LOC']}",yes
72,Nädalalehe Bild am Sonntag arvestuste kohaselt kallineks rohelise poliitiku ettepaneku heakskiitmisel lennureis Saksamaalt Kanaari saartele 320 marka ja Tai Kuningriiki koguni 900 marka .,"{'start': 123, 'end': 139, 'text': 'Kanaari saartele', 'labels': ['LOC']}",yes
73,"Meteoroloogiapäeval , 23. märtsil murdus Antarktikas lahti kõigi aegade suuruselt teine , Jamaica saarega pindalalt võrdne jäämägi .","{'start': 90, 'end': 105, 'text': 'Jamaica saarega', 'labels': ['LOC']}",yes
74,"Esiteks sai Saksamaa pealinn Berliin nime meie esivanematelt , kes hüüdsid seda linna “ Pärna liiniks ” ; Niiluse jõgi sai ristitud , kui eesti meresõitjad seda nähes õhkasid : “ Nii ilus ! ” .","{'start': 106, 'end': 118, 'text': 'Niiluse jõgi', 'labels': ['LOC']}",yes
75,"Hondurasele kuuluvad lisaks ka Bahia saared Kariibi meres , mis maailma suuruselt teise korallrahu osana on suurepärane paik veealuse maailmaga tutvumiseks .","{'start': 31, 'end': 43, 'text': 'Bahia saared', 'labels': ['LOC']}",no
76,"Saalomoni saared 18 , 46 , 132 .","{'start': 0, 'end': 16, 'text': 'Saalomoni saared', 'labels': ['LOC']}",no
77,"Venemaal Pihkva järvel vajus kolmapäeval läbi jää auto koos kolme kalamehega , kellest ühel õnnestus pääseda .","{'start': 9, 'end': 22, 'text': 'Pihkva järvel', 'labels': ['LOC']}",yes
78,"Lennukis ajavööndeid ületades ja tuhandeid mõtteid mõlgutades ei saanud Vaino Väljasel muidugi aimugi olla , et ka kaugel kodumaal , Balti mere kaldal tõusis tema hind iga tunniga .","{'start': 133, 'end': 143, 'text': 'Balti mere', 'labels': ['LOC']}",yes
79,"Tänaseni ei tea täpselt keegi , kui palju Nazino saarele inimesi on maetud ega nende nimesid .","{'start': 42, 'end': 56, 'text': 'Nazino saarele', 'labels': ['LOC']}",yes
80,"Kõverate ninadega mägedepoegi paistab olema sootuks rohkem kui neid , kelle näojooned võiks pärineda Balti mere äärest .","{'start': 101, 'end': 111, 'text': 'Balti mere', 'labels': ['LOC']}",yes
82,Ka Pärnu jõkke Reiu jõe suudmealal lasti 120 000 maimu .,"{'start': 15, 'end': 23, 'text': 'Reiu jõe', 'labels': ['LOC']}",no
83,"Mis see spurt enam päästab , kui enamik Kanaari saartel aset leidnud veemängudest ja ringitormamisest on maha magatud .","{'start': 40, 'end': 55, 'text': 'Kanaari saartel', 'labels': ['LOC']}",yes
84,Holz jõudis Santorini saarele eile hommikul .,"{'start': 12, 'end': 29, 'text': 'Santorini saarele', 'labels': ['LOC']}",yes
85,Assoori saartel paiknev väheliikuv kõrgrõhuala ulatub üle Prantsusmaa Vahemere äärde .,"{'start': 0, 'end': 15, 'text': 'Assoori saartel', 'labels': ['LOC']}",no
86,"Saaremaa Karujärves ja Palojärves 23 , Elva Verevi järves ja Väinjärves 22 , Värska lahes , Viljandi järves , Anne kanalis , Emajões ja Pärnu jões 21 , Türi ja Paide tehisjärvedes , Mustvee lahes , Kubija järves ja Tamula järves 20 , Peipsis 19 , Rõuge Suurjärves ja Kaussjärves 18 , Harku järves 16 ning Lämmijärves 14 kraadi .","{'start': 284, 'end': 296, 'text': 'Harku järves', 'labels': ['LOC']}",yes
88,Loch Nessi järve Nessist on saanud koduloom miljonitele inimestele !,"{'start': 0, 'end': 16, 'text': 'Loch Nessi järve', 'labels': ['LOC']}",no
89,"Moldova meelitab külalisi iidsete kloostritega Bukoviinas ja on kuulus oma veinide poolest , Must meri pakub suvitajatele kuldseid randu , Transilvaania on teadagi vürst Dracula kodukant .","{'start': 93, 'end': 102, 'text': 'Must meri', 'labels': ['LOC']}",no
90,"Tšiilile kuuluv Robinson Crusoe saar naudib ootamatut ajakirjanduse tähelepanu , sest suure tõenäosusega on seal kindlaks tehtud maailma suurima peidetud varanduse asukoht .","{'start': 16, 'end': 36, 'text': 'Robinson Crusoe saar', 'labels': ['LOC']}",no
91,"Suurbritannia eruohvitser Maurice Stradling kirjutab ajalehes Australian , et on põhjalikult uurinud 2000. aastal Barentsi meres koos meeskonnaga uppunud Kurski keret .","{'start': 114, 'end': 128, 'text': 'Barentsi meres', 'labels': ['LOC']}",yes
92,Kohale tulid sõbrad Aruba saarelt,"{'start': 20, 'end': 33, 'text': 'Aruba saarelt', 'labels': ['LOC']}",no
93,"Stockholmi Ingaro saare 17. sajandi kirikus olid laulatust tunnistamas ka Borgi omaaegsed vastased , kaasmaalane Mats Wilander ja rumeenlane Ilie Nastase .","{'start': 11, 'end': 23, 'text': 'Ingaro saare', 'labels': ['LOC']}",no
94,"Pärnu jõe kaldad on üsna hukas , jooks juhib tähelepanu sellele valupunktile , põhjendas Jaanson , miks sõudja korraldab üritust mitte enda alal .","{'start': 0, 'end': 9, 'text': 'Pärnu jõe', 'labels': ['LOC']}",yes
95,Korsika saarelt pärit Laetitia avastasid prantsuse moeloojad 15aastaselt .,"{'start': 0, 'end': 15, 'text': 'Korsika saarelt', 'labels': ['LOC']}",yes
96,"Vene Riigiduuma liige Grigori Tomtšin ütles intervjuus Norra telekanalile TV2 , et läinud aasta augustis Barentsi meres uppunud tuumaallveelaeva Kursk pardal olid tuumarelvad .","{'start': 105, 'end': 119, 'text': 'Barentsi meres', 'labels': ['LOC']}",yes
97,"Et Fääri saartel teist puhku kollast hoiatuskaarti näinud Viktor Alonen pole mängukõlbulik ja rivistusse naaseb karistusest vabanenud Andres Oper , pidi Teitur algkoosseisu kallal pead murdma .","{'start': 3, 'end': 16, 'text': 'Fääri saartel', 'labels': ['LOC']}",no
98,Üleeile hommikul leiti Pärnu jõe jäält surnuks külmununa 42aastane pärnakas Kaido .,"{'start': 23, 'end': 32, 'text': 'Pärnu jõe', 'labels': ['LOC']}",yes
99,329 elanikuga Vormsi saarel töötab 124 tööealisest mehest 74 ja 89 naisest 45 .,"{'start': 14, 'end': 27, 'text': 'Vormsi saarel', 'labels': ['LOC']}",yes
100,Neeva jõel on niisuguste purjekatega võisteldud Peetri ajast saadik .,"{'start': 0, 'end': 10, 'text': 'Neeva jõel', 'labels': ['LOC']}",yes
101,24 . 02 . 1996 Pyla vs Fääri saared 2 : 2,"{'start': 23, 'end': 35, 'text': 'Fääri saared', 'labels': ['LOC']}",no
102,Tartu Ülikoolis kehakultuuri õppiv noormees osaleb augustis Sitsiilia saarel toimuvatel ülemaailmsetel üliõpilaste spordimängudel .,"{'start': 60, 'end': 76, 'text': 'Sitsiilia saarel', 'labels': ['LOC']}",yes
103,"Poolast mööda Oderi jõge allavoolu liikuv tulvalaine paistab olevat enne Ida-Saksamaale jõudmist vaibunud , kuid ametiisikute sõnul on veel vara lõplikku pääsemist kuulutada .","{'start': 14, 'end': 24, 'text': 'Oderi jõge', 'labels': ['LOC']}",no
104,"Venemaa ja Jaapan jätkavad kõnelusi Kuriili saarte staatuse üle , mille okupeerimine Nõukogude Liidu poolt on siiani takistanud rahulepingu sõlmimist kahe riigi vahel , et lõpetada formaalselt Teist maailmasõda , kuid lootus jõuda lepingu allkirjastamiseni selle aasta lõpuks on väga väike .","{'start': 36, 'end': 50, 'text': 'Kuriili saarte', 'labels': ['LOC']}",no
105,"Nagu üks algusepanijaist on öelnud : “ 99,9 protsenti ideest sai alguse Aura jõest . ”","{'start': 72, 'end': 82, 'text': 'Aura jõest', 'labels': ['LOC']}",no
106,Porquerolles'i saar,"{'start': 0, 'end': 19, 'text': ""Porquerolles'i saar"", 'labels': ['LOC']}",no
107,"Ning Jüri Jaanson loetles talle omasel moel tugijõudude tegematajätmisi : Tatjana liigub Pärnu jõel kaatriga , mille päevinäinud mootor aeg-ajalt treeningu hukkab ; kahepaate , mida neljase vennaskond juuli teisel poolel vahelduse toomiseks ja konkurentsi kasvatamiseks vajab , ei paista veel ; hinnatud massööri käe alla saab end sättida siis , kui too aega leiab .","{'start': 89, 'end': 99, 'text': 'Pärnu jõel', 'labels': ['LOC']}",yes
108,"Dubrovniku ajaloolise vanalinna pommitamine ja Horvaatia Aadria mere äärse ranniku ründamine Jugoslaavia armee ja Serbia poolmilitaarsete rühmituste poolt aastatel 1991-92 tõi kaasa maailma avalikkuse terava hukkamõistu , mis sundis tollase Serbia presidendi Slobodan Milosevici rünnakud lõpetama .","{'start': 57, 'end': 68, 'text': 'Aadria mere', 'labels': ['LOC']}",yes
109,"8. aprillil müüdi Mõisaküla kudumisvabriku hooned 50 000 krooni eest Bahama saartel registreeritud firmale Eastern European Holding Inc , mida esindab jurist Tõnu Tuulas .","{'start': 69, 'end': 83, 'text': 'Bahama saartel', 'labels': ['LOC']}",yes
110,13. juunil lõpes Bornholmi saarel Gudhjemis kaheksas Baltikumi filmi- ja telefestival .,"{'start': 17, 'end': 33, 'text': 'Bornholmi saarel', 'labels': ['LOC']}",yes
111,"Anne kanal , Emajõgi , Võrtsjärv Trepimäe kohal , Peipsi järv Kallaste juures , samuti Pangodi järv ning Saadjärv on Tartu tervisekaitsetalituse kontrolli all .","{'start': 87, 'end': 99, 'text': 'Pangodi järv', 'labels': ['LOC']}",yes
112,"Ahja jõe ürgorus suvekodu eviva Ingridi ( 73 ) põues on hirm , et Lonny huvireisid meelitavad Taevaskoja looduskaitsealale inimesi , kes loodusest ei hooli .","{'start': 0, 'end': 8, 'text': 'Ahja jõe', 'labels': ['LOC']}",yes
113,11.55 Luurerühm alustab jalgsiretke Suur-Pakri saarelt mandrile .,"{'start': 36, 'end': 54, 'text': 'Suur-Pakri saarelt', 'labels': ['LOC']}",yes
114,Kaks korda Jägala jões sunnitud supluse üle elanud peaminister Mart Laar pääses seekord kanuumatkalt kuiva nahaga .,"{'start': 11, 'end': 22, 'text': 'Jägala jões', 'labels': ['LOC']}",yes
115,Lugu rubriigist Rannamäe ja Roosilehe seiklused Kanaari saartel ?,"{'start': 48, 'end': 63, 'text': 'Kanaari saartel', 'labels': ['LOC']}",no
116,"Miks ei võiks näiteks Tšaikovski balletti "" Luikede järv "" Jäneda järve ehtsate luikede taustal etendada ?","{'start': 59, 'end': 71, 'text': 'Jäneda järve', 'labels': ['LOC']}",yes
117,"Siiani on firma umbes 10 miljonit tonni naftat vedanud Venemaalt välja Ventspilsi , samuti Soome , Poola ning Valge mere ja Musta mere sadamate kaudu .","{'start': 110, 'end': 120, 'text': 'Valge mere', 'labels': ['LOC']}",yes
118,"Felix Kottale tegi juba viiekümnendatel muret Vaikse järve saastumine , küllap paneks järve lagastatud kallas Kotta praegugi teravalt sõna sekka ütlema .","{'start': 46, 'end': 58, 'text': 'Vaikse järve', 'labels': ['LOC']}",no
119,"Üheks valusaks näiteks tõigi ta Verevi järve : rand kõrkjastub , atraktsioone on vähe , tulekahju järel ei suudetud tukkegi ära koristada .","{'start': 32, 'end': 44, 'text': 'Verevi järve', 'labels': ['LOC']}",yes
120,"Valga lähedalt Pedeli jõelt esmaspäeval kanuumatka alustanud poolteistsada inimest katkestasid reisi eile Tartu lähedal , riskimata tormihirmu tõttu Peipsile aerutada .","{'start': 15, 'end': 27, 'text': 'Pedeli jõelt', 'labels': ['LOC']}",yes
121,"( 71 ) kaevas oma nooruspäevil 1952. aastal ekspeditsioonil olles koos teiste fossiilidega Piusa jõe kaldajärsakust välja luutükikese , millele esialgu erilist tähelepanu pöörata ei osatud .","{'start': 91, 'end': 100, 'text': 'Piusa jõe', 'labels': ['LOC']}",yes
122,"See info ärgitas ema ja isa teistest otsijatest vastassuunas , Kirbu jõest Audru poole tütart hõikama .","{'start': 63, 'end': 74, 'text': 'Kirbu jõest', 'labels': ['LOC']}",no
123,6. juulil Kihnu saarel toimunud kakluse uurimiseks on politsei algatanud Rene Kuulmanni suhtes kaks kriminaalasja .,"{'start': 10, 'end': 22, 'text': 'Kihnu saarel', 'labels': ['LOC']}",yes
124,"Prangli saarelt oli üles leitud kohalik kalastusühingu esimees , kes oli huvitav oma otseütlemise pärast .","{'start': 0, 'end': 15, 'text': 'Prangli saarelt', 'labels': ['LOC']}",yes
125,Ööpäev läbi Kloostri jõe ääres müttav poldripump lööb 500 kantmeetrit jõevett kunagi kaevatud drenaažikraavidesse .,"{'start': 12, 'end': 24, 'text': 'Kloostri jõe', 'labels': ['LOC']}",no
126,"Pirita jõe ääres maa ostnud autoärimehel piisas ühest päevast ja 14 000 kroonist , et lasta buldooseritega kokku lükata 46-aastase naise sünnikodu , mille rusude alla jäi ka enamik üürilise vara .","{'start': 0, 'end': 10, 'text': 'Pirita jõe', 'labels': ['LOC']}",yes
127,"Eesti suursaadik Venemaal  Mart Helme  :  Praegu on täiesti unikaalne ajalooline situatsioon , esimest korda saame Balti merd ümbritsevate riikide ja lisaks Venemaaga minna edasi koos , festivaliga me mõtlesimegi selle situatsiooni fikseerida .","{'start': 115, 'end': 125, 'text': 'Balti merd', 'labels': ['LOC']}",yes
128,Hiljaaegu kuulutas Äripäev oma esiküljel arssinapikkuste tähtedega võitu justnagu oleks punavägi või landesveer taas taganema sunnitud ehk vähemasti Ümera jõel midagi ära tehtud .,"{'start': 149, 'end': 159, 'text': 'Ümera jõel', 'labels': ['LOC']}",yes
129,"Aga kuna ka nõukogude inimesele on puhkus ette nähtud , siis tutvub meie naiskomnoor Musta mere rannikul klanitud meesterahvaga , kes osutub tegelikult hoopiski ühe välisriigi spiooniks ( kusjuures seda , kas too välisriik leiab kinoekraanil konkretiseerimist või jääb nö. kunstiliselt mitmetähenduslikuks , ei otsusta mitte Goskino ametnike maitse , vaid poliitbüroo poolt aetav välispoliitika ) .","{'start': 85, 'end': 95, 'text': 'Musta mere', 'labels': ['LOC']}",yes
130,"Kavandatava paepargi alale jäävad kahe ja poole tuhande aasta vanused Proosa muinaspõllud ja kalmed , ning Peeter Suure aegsed merekindluse kaevikute liinid koos Pirita jõe äärsete vanade heinamaadega .","{'start': 162, 'end': 172, 'text': 'Pirita jõe', 'labels': ['LOC']}",yes
131,"Kus juba salaplaani peetakse , seal ka salaja pealt kuulatakse - kõlab Surnukirstu saare vanasõna .","{'start': 71, 'end': 88, 'text': 'Surnukirstu saare', 'labels': ['LOC']}",no
132,“ Sellist laeva teist Balti meres ei ole .,"{'start': 22, 'end': 33, 'text': 'Balti meres', 'labels': ['LOC']}",yes
133,Seni pidas augustis ehitatud tamm Ülemiste järve vett laitmatult kinni .,"{'start': 34, 'end': 48, 'text': 'Ülemiste järve', 'labels': ['LOC']}",yes
134,"Nagu geograafia tunnis näitavad nad maakaardi pealt , kust on pärit nende vanemad ja vanavanemad : Riia - Samara - Kaspia meri - Maardu , Aserbaidzhaan , Mordva .","{'start': 115, 'end': 126, 'text': 'Kaspia meri', 'labels': ['LOC']}",yes
135,"Tänapäeval viljeldakse troopika ja subtroopika vööndis Hiinas , Indoneesias , Sri Lankal , Kariibi mere saartel , Lõuna-Ameerikas ja mõnedes Aafrika maades .","{'start': 91, 'end': 103, 'text': 'Kariibi mere', 'labels': ['LOC']}",yes
136,"Teadlaste ja looduskaitsjate hinnangul on Pärnu jõe tõkestamine võimalik ainult siis , kui ehitatakse funktsioneeriv kalatrepp , et kalad pääseksid jõe ülemjooksule kudema .","{'start': 42, 'end': 51, 'text': 'Pärnu jõe', 'labels': ['LOC']}",yes
137,Bahama saarte lipu all sõitev Hamane Spirit võttis ASile E.O.S. kuuluvast Termoili Maardu terminaalist peale 85 000 tonni masuuti .,"{'start': 0, 'end': 13, 'text': 'Bahama saarte', 'labels': ['LOC']}",yes
138,"Järgmine ohver , 17-aastane neiu , langes sugukirge rahuldada püüdnud maniakkide küüsi 6. septembri hilisõhtul Narva jõe ääres .","{'start': 111, 'end': 120, 'text': 'Narva jõe', 'labels': ['LOC']}",yes
139,"Viimati tabas Vaindloo saare uus radar võõra aluse piiri ületamas Uhtju saarest 12 meremiili ( ligi 23 kilomeetri ) kaugusel kirdes üleeile hilisõhtul ning nii nagu eelmistel kordadel , aluse meeskond Eesti piirivalve kutsungile ei vastanud .","{'start': 66, 'end': 79, 'text': 'Uhtju saarest', 'labels': ['LOC']}",yes
140,Siinkohal tähelepanu : Härjapea jõe alamjooksul paiknevad ka hingusele läinud Hoiupanga uhiuus maja ja takkaotsa valmiv Ühispanga pilvelõhkuja !!!,"{'start': 23, 'end': 35, 'text': 'Härjapea jõe', 'labels': ['LOC']}",no
141,"Mees , kelle soontes voolab kõrvuti eesti ja ühe Kariibi mere saare rahva veri , peab ennast järjekindlalt saaremaalaseks .","{'start': 49, 'end': 61, 'text': 'Kariibi mere', 'labels': ['LOC']}",no
142,"Harku järve ääres 2,3 hektari suurusele maatükile ehitusluba ootava AS Ventri juhatuse esimehe Andres Pärna sõnul on Hürden koos Haabersti linnaosa vanema Vladimir Panoviga tema ettevõtmistele juba aastaid kaikaid kodaraisse loopinud .","{'start': 0, 'end': 11, 'text': 'Harku järve', 'labels': ['LOC']}",yes
143,Chris De Burgh  Tamula järve ääres 21. augustil kell 19.30.,"{'start': 16, 'end': 28, 'text': 'Tamula järve', 'labels': ['LOC']}",yes
144,"Samasugune ootamatus tabas üleeile hommikul ligi sadat Ida-Virumaal Peipsi järve lähedal asuva Iisaku peret , kelle kodutehnikast vooluhäire tagajärjel vaid kärsahais alles jäi .","{'start': 68, 'end': 80, 'text': 'Peipsi järve', 'labels': ['LOC']}",yes
145,"“ Teisel hommikul , kui ma Jakobsoni matusselt tagasi läksin , tuli ühel metsa vahelisel teel suur kuuehobuse postvanker järgi , seal oli küll oma tosin sõitjat peal , Jakobsoni õed Natalie ja Rosalie , doktor Veske , Hugo Treffner , Jakob Kõrv , paar üliõppijat ja paar Peeterburgi herrat , kõik ei mahtunuvad istuma , õnnis Veske seisis püsti , kübar ühes peos ja teise käega lõi takti , nad laulsivad sealsamas tehtud laulu : Vändra jõe haljal kaldal Kerkib küngas puude all , Liivasõmer teda katab , Keda leinad , Eestimaa !","{'start': 429, 'end': 439, 'text': 'Vändra jõe', 'labels': ['LOC']}",yes
146,"Karm ( 29 ) leidis , et tema eestvedamisel 1997. aasta 9.-11. septembrini korraldatud õppuse “ Vilets elu ” viimase vaatuse , mis pidi lõppema neljateistkraadises vees kolmekilomeetrise veetakistuse ületamisega Suur-Pakri saare tipust mandrile , oli ta piisava hoolikusega ette valmistanud .","{'start': 211, 'end': 227, 'text': 'Suur-Pakri saare', 'labels': ['LOC']}",yes
147,"Pettusin natukene legendaarses Doonau jões , mis polnud kaugeltki nii sinine kui räägitakse , kirjutatakse ja lauldakse .","{'start': 31, 'end': 42, 'text': 'Doonau jões', 'labels': ['LOC']}",yes
148,Veel nimetas 20% vastanutest viimase aasta kurvastava asjaoluna Viljandi järve ja ranna kehva seisukorda .,"{'start': 64, 'end': 78, 'text': 'Viljandi järve', 'labels': ['LOC']}",yes
149,"Kuid paat , millele nad trügisid , pommitati puruks , ja nii leidis vanaema viimase puhkepaiga Balti mere põhjas .","{'start': 95, 'end': 105, 'text': 'Balti mere', 'labels': ['LOC']}",yes
150,1990. aastal Pärnu jõe suudme lähedalt leitud keskaegse laeva säilmete rohkem kui viis aastat kestnud konserveerimine on lõpule jõudnud ja leid pannakse vaatamiseks välja Pärnu muuseumis .,"{'start': 13, 'end': 22, 'text': 'Pärnu jõe', 'labels': ['LOC']}",yes
151,"Filmitud on Sosva , Ljapini ja Konda jõe ääres .","{'start': 31, 'end': 40, 'text': 'Konda jõe', 'labels': ['LOC']}",yes
152,"Võru Kalevi spordijuhi Mati Ojandu sõnul on jooksul aastatega kujunenud oma raudvara , kes on Tamula järve jooksul kohal igal kevadel .","{'start': 94, 'end': 106, 'text': 'Tamula järve', 'labels': ['LOC']}",yes
153,"Uudisteagentuur AP nimetas Fort Dixit kaasaegseks Ellise saareks , meenutades omaaegset miljonite immigrantide saabumiskohta New Yorgi sadamas .","{'start': 50, 'end': 64, 'text': 'Ellise saareks', 'labels': ['LOC']}",no
154,"Narva jõel , kahel pool Eesti-Vene piiri elavad eakad põlisvenelased saavad ühelt kaldalt teisele häält pingutades surmateateid hõikuda , kuid mitte teineteisele kätt ulatada .","{'start': 0, 'end': 10, 'text': 'Narva jõel', 'labels': ['LOC']}",yes
155,"Eesti Vabariigis saadeti riigikukutajad Kihnu saarele , sest sealsed kõrvad olid kihutuskõnedele kurdid .","{'start': 40, 'end': 53, 'text': 'Kihnu saarele', 'labels': ['LOC']}",yes
156,raport dramaatilisest kalastusretkest Valge mere äärde,"{'start': 38, 'end': 48, 'text': 'Valge mere', 'labels': ['LOC']}",yes
157,Ja muidugi tuleb mainida ka Bali saart .,"{'start': 28, 'end': 38, 'text': 'Bali saart', 'labels': ['LOC']}",yes
158,"Harrastuskalamehed koguvad allkirju pöördumisele , milles paluvad linnavalitsusel Viljandi järvel võrgupüügi keelata .","{'start': 82, 'end': 97, 'text': 'Viljandi järvel', 'labels': ['LOC']}",yes
159,"Koos oma väikese tütre Wilmaga (  Ebba Hultqvist  ) asub Johan uut elu sisse seadma Stockholmi arhipelaagis paikneval Saltö saarel , et võtta seal üle oma äia klientuur .","{'start': 118, 'end': 130, 'text': 'Saltö saarel', 'labels': ['LOC']}",yes
160,"Marssal Jegorovi 1936. aastal antud korralduse kohaselt tuli Balti mere laevastikul olla valmis Soome , Eesti ja Läti laevastike hävitamiseks .","{'start': 61, 'end': 71, 'text': 'Balti mere', 'labels': ['LOC']}",no
161,"Viimase aja arengud Lõuna-Hiina meres on vaid tõestanud probleemi tundlikkust ning olnud järjekordseks tunnistuseks Hiina agressiivsest välispoliitikast , pole aga pakkunud kriisile mingit lahendust .","{'start': 20, 'end': 37, 'text': 'Lõuna-Hiina meres', 'labels': ['LOC']}",yes
162,"Siit ka alguses vihjatud paralleelid admiral Cheng Hoga , kelle “ riigivisiidid ” India ookeanile viisid lõpuks koguni Punasele merele ning Ida-Aafrika rannikul asuvale Sansibarile .","{'start': 119, 'end': 134, 'text': 'Punasele merele', 'labels': ['LOC']}",yes
163,"Taifuun Okinawa saare lähedal segas ligi 30 000 reisijat , Jaapanis tühistati üle kahesaja siselennu .","{'start': 8, 'end': 21, 'text': 'Okinawa saare', 'labels': ['LOC']}",yes
164,"Mõte on selles , et pakkuda alternatiiv Võru Tamula järve kontsertidele .","{'start': 45, 'end': 57, 'text': 'Tamula järve', 'labels': ['LOC']}",yes
165,Elva jõe ja järvede ning Kavilda jõe seisundit on jälginud ja uurinud Zooloogia ja Botaanika Instituudi töötajad .,"{'start': 0, 'end': 8, 'text': 'Elva jõe', 'labels': ['LOC']}",yes
166,Seišelli saared on tõeline looduseime tänu sealse graniidisaarte grupi ainulaadsusele .,"{'start': 0, 'end': 15, 'text': 'Seišelli saared', 'labels': ['LOC']}",no
167,Koo mõtles Kommodoori saartest .,"{'start': 11, 'end': 30, 'text': 'Kommodoori saartest', 'labels': ['LOC']}",no
168,Võidab EM-ralli Assoori saartel .,"{'start': 15, 'end': 31, 'text': ' Assoori saartel', 'labels': ['LOC']}",no
169,"Leib ju teadis , et Eidelkind senior pidi saama peatselt seitsmekümne seitsmeseks — iga , mil Kõigevägevam pühakirja järgi meid juba enda juurde ootavat — , kuid vanahärra Joshua särasilmist kiirgus veel küllaga erilist lummavat vaimujõudu ; kui tarvis , võiks ta juba homme — nagu tema nimekaim , Moosese järelkäija — oma valitud rahva läbi Jordani jõe viia , pillutada laiali viie vaenulise kuninga väed ja Jeeriku linna maatasa teha.","{'start': 342, 'end': 353, 'text': 'Jordani jõe', 'labels': ['LOC']}",yes
170,"Kui buss aga üle Luuga jõe viimaks Ivangorod-Narva piiripunkti jõudis , lõi omanik mind Eesti piirivalvuritele letti .","{'start': 17, 'end': 26, 'text': 'Luuga jõe', 'labels': ['LOC']}",yes
171,"Ajakirjandus on teinud märtri 21aastasest Meelisest , kes väidetavalt politsei süül jäi ilma oma võidureisist Kanaari saartele .","{'start': 110, 'end': 126, 'text': 'Kanaari saartele', 'labels': ['LOC']}",yes
172,Ta pühendab oma elu hindude jaoks püha Gangese jõe säästmisele .,"{'start': 39, 'end': 50, 'text': 'Gangese jõe', 'labels': ['LOC']}",no
173,Ta korraldas Niitväljal VISA golfiturniire ning viis Eesti golfisõpru talviti soojale Tobago saarele mängima .,"{'start': 86, 'end': 100, 'text': 'Tobago saarele', 'labels': ['LOC']}",yes
174,"Ta oli parasjagu ankrus Punasel merel Suessi lahes , kui kaks Saksa luurelennukit viskasid sellele neli pommi .","{'start': 24, 'end': 37, 'text': 'Punasel merel', 'labels': ['LOC']}",yes
175,Õhtul kella 21 ajal süüdatakse Sooru järve ääres võidutulest kõrgele loitev jaanituli .,"{'start': 31, 'end': 42, 'text': 'Sooru järve', 'labels': ['LOC']}",yes
176,"Kaspia meri on koht , kust on pärit suur osa üle maailma pakutavate pidulaudade kalahõrgutistest .","{'start': 0, 'end': 11, 'text': 'Kaspia meri', 'labels': ['LOC']}",yes
177,Esialgsetel andmetel kasutas Kariibi mere saartel Turksil ja Caicos registreeritud fondi teeneid alates 1995. aastast kuni viimase ajani umbes 80 Eesti ärimeestega seotud maksuvaba firmat .,"{'start': 29, 'end': 41, 'text': 'Kariibi mere', 'labels': ['LOC']}",no
178,Siis rakendaski Nõukogude Liit oma õigust seoses Tartu rahulepinguga ja võttis tagasi kõik oma põlised maad Narva jõe tagant ja Petserimaa .,"{'start': 108, 'end': 117, 'text': 'Narva jõe', 'labels': ['LOC']}",yes
179,"Sumatra saare lähedal asuva USA lennukikandja USS Abraham Lincoli kapten Kendall L. Card teatas , et kuus kopteris olnud meeskonnaliiget sai raskelt viga , neli kergemalt .","{'start': 0, 'end': 13, 'text': 'Sumatra saare', 'labels': ['LOC']}",yes
180,25.07.2003 kella 21.40 ajal uppus Lääne-Viru maakonnas Tamsalu vallas Porkuni järves Arvo ( s. 1935 ) .,"{'start': 70, 'end': 84, 'text': 'Porkuni järves', 'labels': ['LOC']}",yes
181,Koipsi saare juhtumist rääkides on Kristiina Ojuland kidakeelne .,"{'start': 0, 'end': 12, 'text': 'Koipsi saare', 'labels': ['LOC']}",yes
182,Haugipüük on siseveekogudel keelatud 10. maini ning Peipsi ja Pihkva järvel 15. maini .,"{'start': 62, 'end': 75, 'text': 'Pihkva järvel', 'labels': ['LOC']}",no
183,"Egiptusesse lendab 4,5 -5 tundi , Kanaari saartele 6 tundi , "" selgitab Horizon Traveli tootejuht Tiina Peterson .","{'start': 34, 'end': 50, 'text': 'Kanaari saartele', 'labels': ['LOC']}",yes
184,"Reede päeval Läänemere , Musta mere ja Kaspia mere piirkonna riigipeade foorumil peetud kõnes tõdes Rüütel , et riigi ülim eesmärk peaks olema oma rahva huvide kaitse ja heaolu .","{'start': 25, 'end': 35, 'text': 'Musta mere', 'labels': ['LOC']}",yes
185,Briti kuningliku mereväe Balti mere laevastiku eskaader jõudis Tallinna reidile 12. detsembril 1918. aastal .,"{'start': 25, 'end': 35, 'text': 'Balti mere', 'labels': ['LOC']}",yes
186,""" Progressi "" Narva jõe veerde võib kerkida klaasilinnak .","{'start': 14, 'end': 23, 'text': 'Narva jõe', 'labels': ['LOC']}",yes
187,"Kanaari saartel asuvas Barlovento linnas saavutati saastet mittetekitavate valgustite paigaldamisega öise tänavavalgustuse pealt 65 % energia kokkuhoidu . ""","{'start': 0, 'end': 15, 'text': 'Kanaari saartel', 'labels': ['LOC']}",yes
188,"Peipsi järve kalurite mõrdades hukkub tuhandeid kiisku , kelle hapnikupuudus on kalda lähedale ajanud .","{'start': 0, 'end': 12, 'text': 'Peipsi järve', 'labels': ['LOC']}",yes
190,"Mootorpaat nelja mehega pardal väljus ööl vastu teisipäeva kella kahe ajal Ruhnu saarelt merele , et söita Pärnusse .","{'start': 75, 'end': 88, 'text': 'Ruhnu saarelt', 'labels': ['LOC']}",no
191,"Alates 1920. aasta Tartu rahulepingust on Soome riik arvanud , et Espoo ligidal asuv Kytö saar kuulub riigile , kuid riigi ja Espoo linna kohtuvaidluses kohaliku suguvõsaga jäid kõik kolm kaotajaks .","{'start': 85, 'end': 94, 'text': 'Kytö saar', 'labels': ['LOC']}",yes
192,"Me oleme arutanud küsimust Narva uue silla ehitamisest kahepoolsete jõududega ja ilmselt üks olulisi küsimusi on ka Narva jõel asuva Vene hüdroelektrijaama nr 13 ühiskasutamine , sest seda punkti käsitletakse samas lepingus , millest jutt oli .","{'start': 116, 'end': 126, 'text': 'Narva jõel', 'labels': ['LOC']}",yes
193,"Aja selg sirgu , liiguta natuke õlgu ja puusi - ära ole staatiline nagu Lindakivi , mis on aastasadu Ülemiste järves sammalt kogunud .","{'start': 101, 'end': 116, 'text': 'Ülemiste järves', 'labels': ['LOC']}",yes
194,""" Sueebi ( Balti ) mere idakaldal on Aestii ( Eesti ) .","{'start': 2, 'end': 23, 'text': 'Sueebi ( Balti ) mere', 'labels': ['LOC']}",no
195,Keila jõe suudmesse hakati riigiametnike puhkekodu rajama aastatel 1934-35.,"{'start': 0, 'end': 9, 'text': 'Keila jõe', 'labels': ['LOC']}",yes
196,USA luurelennuki EP-3E Aries II kokkupõrge Hiina F-8 hävituslennukiga pühapäeva varahommikul Hainan saare lõunaosas on tekitanud kahe riigi suhetesse teravaid pingeid .,"{'start': 93, 'end': 105, 'text': 'Hainan saare', 'labels': ['LOC']}",yes
197,Tuumajaam kütab Družkšiai järve normaalsega võrreldes kolm-neli kraadi soojemaks .,"{'start': 16, 'end': 31, 'text': 'Družkšiai järve', 'labels': ['LOC']}",yes
198,"Venemaal , Leena jõel liikuma hakanud jäämassid tekitasid mitmes kohas tõsiseid ummistusi , mille tagajärjel veepind tõusis ning uputas Lenski linnas 540 maja .","{'start': 11, 'end': 21, 'text': 'Leena jõel', 'labels': ['LOC']}",yes
199,"Kui eelmine kindralkuberner oli eeskujuks eeskätt hiinlastele ja üldse asiaatidele , siis uuest peaksid innustust leidma Kanadas elavad haitilased ja teised Kariibi mere maadest pärit inimesed .","{'start': 157, 'end': 169, 'text': 'Kariibi mere', 'labels': ['LOC']}",no
200,"Tokyo teadusmuuseumi teadlase Tsunemi Kubodera juhitud meeskond sai 8meetrise hiidkalmaari fotole ajal , kui see ründas oma saaki ligi 915 meetri sügavusel merepõhjas Jaapani Bonini saarte lähistel .","{'start': 175, 'end': 188, 'text': 'Bonini saarte', 'labels': ['LOC']}",yes
201,Grupeering alustab legendi kohaselt põgenemist Peipsi järvel suunaga lõunasse .,"{'start': 47, 'end': 60, 'text': 'Peipsi järvel', 'labels': ['LOC']}",yes
202,"Tallinna Botaanikaaed taasavab täna üle Pirita jõe kulgeva Tallinna ainsa rippsilla , mille eelmine botaanikaaia juhtkond kaks aastat tagasi läbi saagis .","{'start': 40, 'end': 50, 'text': 'Pirita jõe', 'labels': ['LOC']}",yes
203,"Iljumžinov pakkus , et Lenini võiks panna alalisele väljapanekule Kaspia mere äärse Kalmõkkia pealinna Elistasse .","{'start': 66, 'end': 77, 'text': 'Kaspia mere', 'labels': ['LOC']}",yes
204,""" Raamatu lõpus saavad kokku kõik tegelased , kelle eluteed esimeses osas lahku läksid - nii need , kes Kohatu saarelt Rootsi läksid , kui ka need , kes Eestisse maha jäid .","{'start': 104, 'end': 118, 'text': 'Kohatu saarelt', 'labels': ['LOC']}",no
205,"Kohatu saare rannarootslase Erik Norrmani päevikuna alustatud lugu viib lugejad kolmandas osas Siberisse , tagasi Eesti NSV-sse ja uude Eesti Vabariiki .","{'start': 0, 'end': 12, 'text': 'Kohatu saare', 'labels': ['LOC']}",no
206,Ümber maailma sõitev Lennuk on jõudnud Assoori saartele .,"{'start': 39, 'end': 55, 'text': 'Assoori saartele', 'labels': ['LOC']}",no
207,Eesti sotsiaalministeerium on Taani tööministeeriumi juhitavas Balti mere regiooni tööturupoliitika arendamise sektorprogrammis osalenud alates selle käivitamisest 1999. aasta alguses .,"{'start': 63, 'end': 73, 'text': 'Balti mere', 'labels': ['LOC']}",yes
208,"Abu Sayyafi esindaja Abu Sabaya ütles eile telefonikõnes kohalikule raadiole , et Filipiinide lõunaosas Dos Palmase kuurordis pantvangi võetud inimesed on jagatud kahte gruppi ja peidetud Basilani ja Jolo saarele .","{'start': 200, 'end': 212, 'text': 'Jolo saarele', 'labels': ['LOC']}",yes
209,"Uus-Meremaa lõunatipus , Campbelli saarel algab maailma suurim rotijaht , teatasid kohalikud võimud .","{'start': 25, 'end': 41, 'text': 'Campbelli saarel', 'labels': ['LOC']}",yes
210,"Kariibi merest ümbritsetud Arubal kõneldav keel on segu hispaania , portugali , inglise ja ühest kohalikust indiaani keelest .","{'start': 0, 'end': 14, 'text': 'Kariibi merest', 'labels': ['LOC']}",no
211,"Allasõit kevadise Pirita jõe kärestikest ja mäesuusakeskuse mustast nõlvast on täiesti võrreldavad , ütleb Kalle Hallik , Tallinna Pedagoogikaülikooli õppejõud , kes jagab tulevastele kehalise kasvatuse õpetajatele matkatarkusi .","{'start': 18, 'end': 28, 'text': 'Pirita jõe', 'labels': ['LOC']}",yes
212,"Kalevipoja mõõku on Eestis vaid üks , nagu on üks Linda kivi Ülemiste järves , ütles ta .","{'start': 61, 'end': 76, 'text': 'Ülemiste järves', 'labels': ['LOC']}",yes
213,Peale nendele firmadele antud seitsmele puurimisloale on Fääri võimud andnud välja litsentsi proovipuurimisteks ka Shetlandi saartega piirnevates vetes .,"{'start': 115, 'end': 133, 'text': 'Shetlandi saartega', 'labels': ['LOC']}",yes
214,"Valitsuse 20. septembri 2000.a määrusega anti õigused ja kohustused merereostuse avastamise ja likvideerimise ülesannete täitmisel sise- ja territoriaalmeres , majandusvööndis , Peipsi , Lämmi- ja Pihkva järvel keskkonnainspektsioonilt üle siseministeeriumi valitsemisalas olevale piirivalveametile .","{'start': 178, 'end': 210, 'text': 'Peipsi , Lämmi- ja Pihkva järvel', 'labels': ['LOC']}",yes
215,Rumeenia ökoloogide arvates põhjustas 1960-1990. aastate majandusarengu kiire tempo Musta mere ökosüsteemile parandamatut kahju .,"{'start': 84, 'end': 94, 'text': 'Musta mere', 'labels': ['LOC']}",yes
216,Nähtavus Pärnu jõe vees on minimaalne ja tuukritel tuli laipa käega kobades otsida .,"{'start': 9, 'end': 18, 'text': 'Pärnu jõe', 'labels': ['LOC']}",yes
217,"USA laiendas terrorismivastast sõda , saates täna varahommikul õhudessandi Komoori saarestikus asuvale Moheli saarele , teatas Katari telekanal al-Jazeera .","{'start': 103, 'end': 117, 'text': 'Moheli saarele', 'labels': ['LOC']}",yes
218,Nüüd peab Manitski seenefarmi ja kavatseb hakata edendama Mohni saart .,"{'start': 58, 'end': 69, 'text': 'Mohni saart', 'labels': ['LOC']}",yes
219,"Sharoni valitsus pakuks neile täpselt 42 % Jordani jõe Läänekaldast , kuid Barak lubas 95 % .","{'start': 43, 'end': 54, 'text': 'Jordani jõe', 'labels': ['LOC']}",yes
220,Kuriili saarestiku kaguosas asuvate Shikotani ja Habomai saare Jaapanile tagastamise eeltingimuseks on Vene-Jaapani rahulepingu sõlmimine .,"{'start': 49, 'end': 62, 'text': 'Habomai saare', 'labels': ['LOC']}",yes
221,Kalevi mängude raames peetud lahtistel sõudmise meistrivõistlust= el Harku järvel võitis meeste ühepaadil Jüri Jaanson sõudeklubist Pärnu sama linna kalevlase Roman Lutoshkini ees .,"{'start': 69, 'end': 81, 'text': 'Harku järvel', 'labels': ['LOC']}",no
222,"Moskva raamatukaupluste riiulitele ilmunud raamatud ülistavad kuni 16. sajandini püsinud Vene hiigelimpeeriumi , mis olevat ulatunud Briti saartest Jaapanini .","{'start': 133, 'end': 147, 'text': 'Briti saartest', 'labels': ['LOC']}",yes
223,"Keeld ei puuduta viiendat Kaspia mere äärset riiki Iraani , kus tuurlaste püük on täielikult riigi monopol .","{'start': 26, 'end': 37, 'text': 'Kaspia mere', 'labels': ['LOC']}",yes
224,"Pärast võib end kuivaks raputada ja enda üle naerda "" - see tsitaat Erich Maria Remarque'ilt sobib kõige paremini iseloomustama Straussi kuningriiki Elva järve ääres .","{'start': 149, 'end': 159, 'text': 'Elva järve', 'labels': ['LOC']}",yes
225,"Kuressaares , Sõrve Liivi lahes , Ristnal , Paralepas , Võsul , Anne kanalis , Emajões , Võrtsjärves , Narva jões , Türi tehisjärves , Paide tehisjärves , Räpina paisjärves , Harku järves , Lämmijärves , Karujärves ja Verevi järves oli vesi 20 kraadi , Stroomi rannas , Kakumäel , Paldiski lahes , Narva-Jõesuus , Sillamäel , Toilas , Aa rannas , Narva Joala orus , Kubija järves , Rõuge Kaussjärves , Kirikumäe järves ja Tamula järves oli vesi 19 kraadi .","{'start': 103, 'end': 113, 'text': 'Narva jões', 'labels': ['LOC']}",yes
226,"Rumeenia on suurepärane koht puhkuse veetmiseks , kas ainult mõnes Musta mere äärses mägikuurordis suvitades , Doonau deltas laevatades või rendiautoga ringi sõites .","{'start': 67, 'end': 77, 'text': 'Musta mere', 'labels': ['LOC']}",yes
227,Päästeamet tegi sel suvel Pakri saartel kahjutuks 245 lõhkekeha ning tänaseks on oht seal pommi otsa astuda sama suur kui mandril .,"{'start': 26, 'end': 39, 'text': 'Pakri saartel', 'labels': ['LOC']}",no
228,"Rüütel kahtlustab , et rahva keeras üles konkureeriv kinnisvarafirma , kes kavatseb ehitada eramurajooni Purtse jõe teisele kaldale .","{'start': 105, 'end': 115, 'text': 'Purtse jõe', 'labels': ['LOC']}",yes
229,"Bulgaaria on tõepoolest lähedal , lähemal kui Must meri kuulsa Constanta kuurordiga , kus naised pidid olema nii ilusad , et pole sõnu .","{'start': 46, 'end': 55, 'text': 'Must meri', 'labels': ['LOC']}",no
230,"2004. aasta lõpul avastati Indoneesia Andamani saarestiku Florese saarelt fossiil , mis tegi paleoantropoloogid nõutuks .","{'start': 58, 'end': 73, 'text': 'Florese saarelt', 'labels': ['LOC']}",no
231,Keskkonnainspektsioon võttis kogu Karsna järve nakkevõrke täis pannud kutseliselt kalurilt kaheks aastaks ära kalapüügiõiguse .,"{'start': 34, 'end': 46, 'text': 'Karsna järve', 'labels': ['LOC']}",no
233,Põhja-Tallinnas Stroomi randa ning Haaberstis Harku järve ja Kakumäe randadesse .,"{'start': 46, 'end': 57, 'text': 'Harku järve', 'labels': ['LOC']}",no
234,"Viimati avatud jaamad asuvad Ida-Virumaal Iisakus , Lääne-Virumaal Tudus , Raplamaal Vahastus , Tallinnas Haabersti linnaosas ja Läänemaal Kihnu saarel .","{'start': 139, 'end': 151, 'text': 'Kihnu saarel', 'labels': ['LOC']}",yes
235,"Vetelpäästjate vara hulka kuuluvad vagunelamud Harku järve rannas , auto- ja paadikuurid Pirita jõe ääres , lisaks 2 kaatrit ja kiirabibuss .","{'start': 89, 'end': 99, 'text': 'Pirita jõe', 'labels': ['LOC']}",yes
236,"Muhu saare lähedal Seanina juures püütud 2,9 meetri pikkune ja 136 kilo kaaluv tuur on kõigi aegade suurim Eesti vetest püütud kala .","{'start': 0, 'end': 10, 'text': 'Muhu saare', 'labels': ['LOC']}",no
237,"Mul on äärmiselt kahju , et sel ajal , kui "" Mineviku heli "" Stockholmis ja Farö saarel filmiti , tunti küll kustumatut huvi Ingmar Bergmani ja meie poja Danieli vastu , aga minu esimene mees , dirigent Gunnar Staern , ja meie ühine tütar Linda , kes mulle igatahes sama olulised ja kallid on , - igasugusest huviorbiidist välja jäeti .","{'start': 76, 'end': 87, 'text': 'Farö saarel', 'labels': ['LOC']}",yes
238,"Täna , kell 9.52 märkas Eckerö Linesile kuluv reisilaev Norlandia Prangli saarest 20 kilomeetrit põhjas võimalikku merereostust ning teavitas sellest Tallinna laevaliikluskontrolli , kust teade edastati piirivalvele .","{'start': 66, 'end': 81, 'text': 'Prangli saarest', 'labels': ['LOC']}",yes
239,"Financial Times kirjutas hiljuti , kuidas krundid ja hotellid lähevad hea hinnaga kergesti kaubaks ka Musta mere rannikul Varnas , kus kunagi asus kommunistide Riviera .","{'start': 102, 'end': 112, 'text': 'Musta mere', 'labels': ['LOC']}",yes
240,"Reisiparvlaev , mis oli teel Kupangist Rote saarele , uppus teisipäeva öösel .","{'start': 39, 'end': 51, 'text': 'Rote saarele', 'labels': ['LOC']}",no
241,""" Tundub , et üle Pirita jõe tuleb paratamatult ehitada sild , aga seal on jõe kaitsetsoon , "" ütles Võrno .","{'start': 18, 'end': 28, 'text': 'Pirita jõe', 'labels': ['LOC']}",yes
242,"Keda kevadisel jõel sõudmine ei veena , võib matka läbi teha teiselgi põhjusel - seda vaadet , mis avaneb Pirita jõe kallastel kõrguvatele häärberitele , enam maa poolt lähenedes ei näe , sest eramaal on eraomaniku tabalukk tee peal ees .","{'start': 106, 'end': 116, 'text': 'Pirita jõe', 'labels': ['LOC']}",yes
243,Viis aastat Aegna ja Tallinna vahelist liini nõustanud Ulmandi sõnul peaksid olema paremad ka Aegna saarel pakutavad puhkevõimalused .,"{'start': 94, 'end': 106, 'text': 'Aegna saarel', 'labels': ['LOC']}",yes
244,Peale selle ehitab maanteeamet Tallinna maantee - Ehitajate tee ristmiku juurest uue tee Haapsalu maanteele ja rajab üle Sauga jõe silla .,"{'start': 121, 'end': 130, 'text': 'Sauga jõe', 'labels': ['LOC']}",yes
245,"Väike lootusesära tärkas eile kell 12.40 , kui lahel tiirutanud helikopterilt märgati Pakri saarte vahel vees tundmatut inimkeha .","{'start': 86, 'end': 98, 'text': 'Pakri saarte', 'labels': ['LOC']}",yes
246,Kella 17 : 00 toimunud seirelennu tulemusena avastati veel üks ühe hektari suurune tulekolle umbes 10 km kaugusel Järvi järvede äärest Valgejõe paremal kaldal .,"{'start': 114, 'end': 127, 'text': 'Järvi järvede', 'labels': ['LOC']}",no
247,"Praam oli teel Kupangi sadamast Rote'i saarele , tavaliselt võtab see reis aega neli tundi .","{'start': 32, 'end': 46, 'text': ""Rote'i saarele"", 'labels': ['LOC']}",yes
248,"Leigo järve lähistel Nõuni koolimaja hoovis on mõniteist poolpaljast noort inimest , üks taob trummi , teised õõtsutavad ja manavad , kuked kirevad ja keegi itkeb - Andris Feldmanis viskas pilgu peale lavakooli kahe viimase kursuse ühisetenduse "" Painaja ja tundmatu "" proovile .","{'start': 0, 'end': 11, 'text': 'Leigo järve', 'labels': ['LOC']}",no
249,"Madal veetase raskendab sügavama süvisega laevade liikumist näiteks Narva jões , Suures ja Väikses Emajões .","{'start': 68, 'end': 78, 'text': 'Narva jões', 'labels': ['LOC']}",yes
250,1923. aastal jagasid britid oma mandaatpiirkonna Palestiina kaheks administratiiv-alaks - juutidele anti Jordani jõest läände jääv osa ja araablastele ida poole jääv osa .,"{'start': 105, 'end': 118, 'text': 'Jordani jõest', 'labels': ['LOC']}",yes
251,"Juuli algusest on Partsi järve ääres sildid , mis hoiatavad võimaliku allergiaohu eest .","{'start': 18, 'end': 30, 'text': 'Partsi järve', 'labels': ['LOC']}",yes
252,Kunagine kena telkimiskoht Peipsi järve ääres Kauksis on ajapikku muutunud rullnokkade kogunemispaigaks .,"{'start': 27, 'end': 39, 'text': 'Peipsi järve', 'labels': ['LOC']}",yes
253,"Tõenäoliselt on see jätkumas , sest Harku järve ümbruses on ruumi veel piisavalt .","{'start': 36, 'end': 47, 'text': 'Harku järve', 'labels': ['LOC']}",yes
254,Pädaste Seahouse Restaurant ( Muhu saar ),"{'start': 30, 'end': 40, 'text': 'Muhu saar ', 'labels': ['LOC']}",no
255,"Läti Henrik räägib just spetsiaalselt eesti maakondade liidust , mis kujunes 1210. aastal ja andis ilmselt viimase lahingu 1217. aastal Pala jõe ääres .","{'start': 136, 'end': 144, 'text': 'Pala jõe', 'labels': ['LOC']}",yes
256,"Samal õhtul kell 21.25 pidasid piirivalvurid Peipsi järvel , Sääritsa küla kaldast 5,3 km kaugusel kontrolliks kinni kalapüügipaadi Mare , milles viibis paadi omanik , Jõgevamaal , Raja külas elav Dimitri ( 01.03.1981 ) .","{'start': 45, 'end': 58, 'text': 'Peipsi järvel', 'labels': ['LOC']}",yes
257,""" El Nino näib olevat ära teeninud "" aasta patuoina "" tiitli , kuid tema arvele võiks kirjutada ka haruldaselt vähesed tormid Põhja-Atlandil ja Kabiiri merel , "" öeldakse aruandes .","{'start': 144, 'end': 157, 'text': 'Kabiiri merel', 'labels': ['LOC']}",yes
258,"Sovintsentr on hiiglasuur hotelli- ja rahvusvaheline ärikompleks Moskva jõe kallastel , mis rajati juba Nõukogude ajal koostöös USA magnaadi Armand Hammeriga .","{'start': 65, 'end': 75, 'text': 'Moskva jõe', 'labels': ['LOC']}",yes
259,"Keskkonnaministeeriumi keskkonnaosakonna juhataja Harry Liiva kirjutab kommentaaris ülemiste järve ( justkui ) seadusetühise piiramise kohta , et keskkonnainspektor eksib ettekirjutuses veeseaduse vastu .","{'start': 84, 'end': 98, 'text': 'ülemiste järve', 'labels': ['LOC']}",no
260,""" Tervisekaitsetalituse Viljandimaa osakonna vaneminspektor Malle Karrist ütles , et kuna Pärsti järv pole ujumiskohana ametlikult arvele võetud , pole nemad sealt kunagi ka veeproove võtnud .","{'start': 90, 'end': 101, 'text': 'Pärsti järv', 'labels': ['LOC']}",yes
261,"Rannikumeres on väga suur hulk nimetuid väikesaari , näiteks Ruhnu saare ümber on selliseid üle 40 ja Muhu saare ümber üle 60.","{'start': 61, 'end': 72, 'text': 'Ruhnu saare', 'labels': ['LOC']}",yes
262,Samaaegselt angaaride rajamisega ehitati abilennujaamad Pirita jõe suudmesse ja Ruhnu saarele .,"{'start': 56, 'end': 66, 'text': 'Pirita jõe', 'labels': ['LOC']}",yes
263,"Eesti Päevalehe ja Postimehe lugejanumbrid kukuvad nulli , Mihkel Mutt murrab pastaka põlve peal pooleks ja läheb Marmara merele galeeriorjaks .","{'start': 114, 'end': 128, 'text': 'Marmara merele', 'labels': ['LOC']}",yes
264,"TALLINN , 5. november ( EPLO ) - Tallinnas Vana-Tartu maanteel , Ülemiste järve kõrval lebas täna pärastlõunal keskealise mehe surnukeha , kes oli ilmselt maha lastud .","{'start': 65, 'end': 79, 'text': 'Ülemiste järve', 'labels': ['LOC']}",yes
265,Lennud Briti saartele,"{'start': 7, 'end': 21, 'text': 'Briti saartele', 'labels': ['LOC']}",no
266,"Venemaal ja Jaapanil pole rahulepet siiani , kuna Jaapan soovib nelja Kuriili saare tagastamist .","{'start': 70, 'end': 83, 'text': 'Kuriili saare', 'labels': ['LOC']}",yes
267,"Eks kahju oli muidugi Härjapea jõge Tallinnast ära viia , aga mis teha , rahuleping oli seda väärt .","{'start': 22, 'end': 35, 'text': 'Härjapea jõge', 'labels': ['LOC']}",no
268,"Jaanson tegi kummarduse Pärnu jõele , linnale , elukeskkonnale ja inimestele .","{'start': 24, 'end': 35, 'text': 'Pärnu jõele', 'labels': ['LOC']}",yes
269,Nimelt on Mehhiko-Texase piiril voolav Rio Grande ehk Rio Bravo jõgi osutunud tõsiseks tüliallikaks .,"{'start': 54, 'end': 68, 'text': 'Rio Bravo jõgi', 'labels': ['LOC']}",yes
270,"Kui sõda Balti mere rannikule jõudis , evakueeriti kool Venemaale .","{'start': 9, 'end': 19, 'text': 'Balti mere', 'labels': ['LOC']}",no
271,"Grigorjevi sõnul on väikeste hüdroelektrijaamade toodetud elektrist vaid sümboolne kasu , sest Eesti jõed , välja arvatud Narva jõgi , on selleks liiga väiksed .","{'start': 122, 'end': 132, 'text': 'Narva jõgi', 'labels': ['LOC']}",yes
272,Apollo 17 maandus viis päeva pärast seda Samoa saarte juures Vaikses ookeanis .,"{'start': 41, 'end': 53, 'text': 'Samoa saarte', 'labels': ['LOC']}",yes
273,"Ameerika-Indoneesia teadlaste grupp leidis Florese saarel džunglis asuvast lubjakivikoopast skeleti , mis näis olevat kuulunud nn kääbikule , vahendab BBC .","{'start': 43, 'end': 57, 'text': 'Florese saarel', 'labels': ['LOC']}",no
274,Pisut varem teatas USA Geoloogilise Seire Keskus 6.8 magnituudilisest maavärinast Guami saarel .,"{'start': 82, 'end': 94, 'text': 'Guami saarel', 'labels': ['LOC']}",yes
275,"K-Projekti projektijuhtimise osakonna juhataja Toivo Viilepi sõnul otsustati mitme variandi kaalumisel lõpuks tunneli kasuks , kuna Ülemiste järve vahetus läheduses on see ehituslikult tunduvalt kindlam ja lihtsamini teostatav kui ringristmik .","{'start': 132, 'end': 146, 'text': 'Ülemiste järve', 'labels': ['LOC']}",yes
276,"Põhiosa aastast seilab "" Navigator of the Seas "" Kariibi meres ja Vahemeres .","{'start': 49, 'end': 62, 'text': 'Kariibi meres', 'labels': ['LOC']}",yes
277,"Eesti ja Venemaa liikmetega kalapüügikomisjoni töögrupp leppisid sel nädalal kokku Peipsi , Lämmijärva ja Pihkva järve kalastamiseeskirjades , mis kehtivad kuni selle aasta lõpuni .","{'start': 106, 'end': 118, 'text': 'Pihkva järve', 'labels': ['LOC']}",yes
278,"Kuigi enamik Vormsi saare elanikest on eestlased , kuulub 80% sealsest maast välismaalastele ning 10% riigile , mis teeb sealsete kohalike elanike olukorra keeruliseks .","{'start': 13, 'end': 25, 'text': 'Vormsi saare', 'labels': ['LOC']}",yes
279,Õnnetus juhtus mullu esimese jõulupüha õhtul Ruhnu saarel : vallavolinik Jõe sõitis Nissan Terranoga otsa 14-aastasele neiule .,"{'start': 45, 'end': 57, 'text': 'Ruhnu saarel', 'labels': ['LOC']}",yes
280,"Nüüd oleme defineerinud , et meie turupiirkond on Balti mere piirkond .","{'start': 50, 'end': 60, 'text': 'Balti mere', 'labels': ['LOC']}",yes
281,"Porkuni järved pakuvad järjekordselt üllatust ja kõneainet : järvepõhjas , mis alles mõne nädala eest oli pragunenud ja kuiv , avanesid allikad .","{'start': 0, 'end': 14, 'text': 'Porkuni järved', 'labels': ['LOC']}",no
282,"Kirde piirivalvepiirkonna pressiesindaja Valeri Kiviselja sõnul oli seltskond mootorpaadi laenanud selleks , et minna Peipsi järvele , ühel hetkel oli aga kaldunud osa seltskonnast korraga ühele paadipoolele , mille tagajärjel paat ümber läks ning mootor rivist välja langes .","{'start': 118, 'end': 132, 'text': 'Peipsi järvele', 'labels': ['LOC']}",yes
283,"Peaaegu kakssada aastat on möödunud ajast , mil lõhed kadus Londonit läbivast Thamesi jõest .","{'start': 78, 'end': 91, 'text': 'Thamesi jõest', 'labels': ['LOC']}",yes
284,""" Kuigi hea on see , et ühelt poolt piirab tulekahju Peipsi järv , teisalt Koosa jõgi ja siis on veel üks kanal , "" lausus ta .","{'start': 53, 'end': 64, 'text': 'Peipsi järv', 'labels': ['LOC']}",yes
285,Praeguseks kuuluvad Põhjamaade Nõu-kogusse omaette üksustena veel Gröönimaa ja Fääri saared ning Ahvenamaa .,"{'start': 79, 'end': 91, 'text': 'Fääri saared', 'labels': ['LOC']}",no
286,"Peterburi linnakohus mõistis Vaindloo saare lähedal uppunud Runner 4 reostuse likvideerimise kulude eest riigile välja 5,9 miljonit krooni .","{'start': 29, 'end': 43, 'text': 'Vaindloo saare', 'labels': ['LOC']}",yes
287,""" Võtame näiteks Pirita jõe .","{'start': 17, 'end': 27, 'text': 'Pirita jõe', 'labels': ['LOC']}",yes
288,"Venemaa peaprokuröri Vladimir Ustinovi käe all sündinud aruanne Kurski huku kohta nendib , et kaks aastat tagasi aset leidnud tragöödia Barentsi merel põhjustas torpeedost lekkinud äärmiselt kergestisüttiva vesinikperoksiid-kütuse plahvatus .","{'start': 136, 'end': 150, 'text': 'Barentsi merel', 'labels': ['LOC']}",yes
289,"Peipsi järvel loata nakkevõrkudega kalastanud Jevgenile määrati karistuseks 5400kroonine trahv , Ennole 1200 krooni ja Maidole 3000 krooni trahvi .","{'start': 0, 'end': 13, 'text': 'Peipsi järvel', 'labels': ['LOC']}",yes
290,07.07.2002 kella 22.45 ajal võtsid Tallinnas Paldiski maanteel Harku järve juures kaks tundmatut noormeest noa ähvardusel ära Aleksei ( s. 1989 ) jalgratta .,"{'start': 63, 'end': 74, 'text': 'Harku järve', 'labels': ['LOC']}",yes
291,"Stroomi rannas ning Harku ja Tamula järves oli vesi 17 , Kakumäel , Pärnu rannas ja Emajões 16 ning Pirital 15 kraadi .","{'start': 29, 'end': 42, 'text': 'Tamula järves', 'labels': ['LOC']}",yes
292,Kanadasse jõudmise järel on ta peaaegu kuni nädala lõpuni Torontost umbes saja kilomeetri kaugusel katoliiklikus pansionaadis Simcoe järvel Strawberry saarel .,"{'start': 126, 'end': 139, 'text': 'Simcoe järvel', 'labels': ['LOC']}",no
293,Briti keskkonnaametnike sõ-nul oli tegemist selle sajandi suurima üleujutusega Briti saartel .,"{'start': 79, 'end': 92, 'text': 'Briti saartel', 'labels': ['LOC']}",yes
294,"Peipsi järve kallas oli eile Omedust kuni Varnjani täis randa uhutud kalaraipeid , mis kohati vänget lehka levitasid .","{'start': 0, 'end': 12, 'text': 'Peipsi järve', 'labels': ['LOC']}",yes
295,"Harku järve jää paksus on 25-30 cm , kaldas jää üsna lahti ja jääle minek eluohtlik .","{'start': 0, 'end': 11, 'text': 'Harku järve', 'labels': ['LOC']}",yes
296,Cooki saared ( Uus-Meremaa valdus ),"{'start': 0, 'end': 12, 'text': 'Cooki saared', 'labels': ['LOC']}",no
297,"Ajalooliseks nimetatud rahuplaani üle on kavas mai lõpus pidada rahvahääletus , millest võtavad osa kogu Iirimaa saare elanikud .","{'start': 105, 'end': 118, 'text': 'Iirimaa saare', 'labels': ['LOC']}",yes
298,Lennureisil Madeira saarele stjuardessiga tülli läinud purjus Eesti turistidele kutsuti lennujaama vastu politsei .,"{'start': 12, 'end': 27, 'text': 'Madeira saarele', 'labels': ['LOC']}",no
299,Eestlased saabusid Soome Kariibi meres paiknevate Hollandi Antillide Curacao saarelt ning soovisid sõita Tallinna .,"{'start': 69, 'end': 84, 'text': 'Curacao saarelt', 'labels': ['LOC']}",no
300,"Kohalike elanike sõnul on Pärnu jõe lisajõgi Vihtra külas kiirevooluline ja väga madal , kus lapsed on harjunud suvel jalgupidi mängima .","{'start': 26, 'end': 35, 'text': 'Pärnu jõe', 'labels': ['LOC']}",yes
301,"Laupäeval , 18. juulil oli Harku järvel Euroopa meistrivõistluste käigus hukkunud skuutrisõitja Rivo Jõõras .","{'start': 27, 'end': 39, 'text': 'Harku järvel', 'labels': ['LOC']}",no
302,Piirivalvurid päästsid koos kohaliku elanikuga neljapäeva pärastlõunal Peipsi järvel uppumissurmast kaks paadisõitjat .,"{'start': 71, 'end': 84, 'text': 'Peipsi järvel', 'labels': ['LOC']}",yes
303,"Lisaks fotodele on näha ka tänavu Kaukaasia ekspeditsioonilt Musta mere rannikult kaasatoodud kivikollektsioon , mis tähistab erinevate territooriumide ühenduslüli .","{'start': 61, 'end': 71, 'text': 'Musta mere', 'labels': ['LOC']}",yes
304,"Barcelona krahvinna Maria de las Mercedes de Bourbon suri Kanaari saartel Lanzarote residentsis , kus kuningapere uut aastat vastu võttis .","{'start': 58, 'end': 73, 'text': 'Kanaari saartel', 'labels': ['LOC']}",no
305,"Samas on teada , et alates novembrist muutuvad tingimused Barentsi merel niivõrd karmiks , et tuukritöid teha pole võimalik .","{'start': 58, 'end': 72, 'text': 'Barentsi merel', 'labels': ['LOC']}",yes
306,Tuumaallveelaev Kursk uppus 12. augustil Barentsi meres Vene Põhjalaevastikus toimunud õppuste ajal.,"{'start': 41, 'end': 55, 'text': 'Barentsi meres', 'labels': ['LOC']}",yes
307,"Ise nii õbluke ja klibune , aga oma paigast hoiab meelekindlalt kinni nagu Kassari Hiiu saarest .","{'start': 83, 'end': 95, 'text': 'Hiiu saarest', 'labels': ['LOC']}",no
308,""" Kalad tunnevad end Narva jões üle ootuste hästi , "" ütleb Tuvikene , "" kuid siiski tuleks neid vähem süüa . ""","{'start': 21, 'end': 31, 'text': 'Narva jões', 'labels': ['LOC']}",yes
310,"Eesti , Läti , Leedu ja Ameerika Ühendriikide kaitseväelastel on õppuse raames kavas remontida Tallinna Kristliku Hooldekodu supiköök , ehitada välja Viljandimaal Väikemõisa väikelastekodu mänguväljak ja ehitada üle Põltsamaa jõe sild .","{'start': 216, 'end': 229, 'text': 'Põltsamaa jõe', 'labels': ['LOC']}",yes
311,"Barentsi mere põhjas lebav allveelaev "" Kursk "" on jätkuvalt vaikne .","{'start': 0, 'end': 13, 'text': 'Barentsi mere', 'labels': ['LOC']}",yes
312,"Borneo saare Kuchingi linnas saavad edaspidi rangelt karistada ka koeraomanikud , kellel pole koerapidamise luba , ütles linnapea Chan Seng Khai uudisteagentuurile Bernama .","{'start': 0, 'end': 12, 'text': 'Borneo saare', 'labels': ['LOC']}",yes
313,"Shetlandi ponid on arenenud Shetlandi saarel põhiliselt *otimaa väikesekasvulistest tööhobustest karmide ilmastikuolude käes - süüa napib , ent puhuvad tugevad tuuled ja möllavad rajud .","{'start': 28, 'end': 44, 'text': 'Shetlandi saarel', 'labels': ['LOC']}",yes
314,Iisrael loobus ka otsusest karmistada jõuvõtteid Jordani jõe läänekaldal ja Gaza sektoris .,"{'start': 49, 'end': 60, 'text': 'Jordani jõe', 'labels': ['LOC']}",yes
315,"Samas on selge , et aja jooksul teeb vesi põhjas lebava tuumaallveelaeva vraki kallal oma töö , mis on suureks ohuks Barentsi mere elukeskkonnale .","{'start': 117, 'end': 130, 'text': 'Barentsi mere', 'labels': ['LOC']}",yes
316,""" Tegelikult tõuseb see maapinnale muidugi palju varem - Ölandi saare juures ja lõpeb Venemaa avarustes , aga seal tuntakse seda Balti klindi nime all , "" lisas Suuroja .","{'start': 57, 'end': 69, 'text': 'Ölandi saare', 'labels': ['LOC']}",yes
317,"Piirivalvurid tabasid nädalavahetusel piiririkkumiselt neli lätlast , kellest kaks jäid vahele Valgas ja kaks Peipsi järvel .","{'start': 110, 'end': 123, 'text': 'Peipsi järvel', 'labels': ['LOC']}",yes
318,Seejärel ületati Jordani jõgi ja jõuti Kaananimaale ja taas ei kehtinud tapmiskeeld sealsete kuningate ja rahvaste kohta .,"{'start': 17, 'end': 29, 'text': 'Jordani jõgi', 'labels': ['LOC']}",yes
319,"Kaliforniast pärit Schilling ning veel 16 inimest on vangis rühmituse Abu Sayyaf jõukude käes Jolo saarel , Manilast 960 km lõunas .","{'start': 94, 'end': 105, 'text': 'Jolo saarel', 'labels': ['LOC']}",yes
320,"Indoneesias Amboni saare rannikul hukkus eile toimunud praamiavariis vähemalt 37 inimest , õnnetuse põhjustas aluse ülekoormatus .","{'start': 12, 'end': 24, 'text': 'Amboni saare', 'labels': ['LOC']}",yes
321,"Venemaa suurim naftafirma Lukoil leidis Venemaaale kuuluvast Kaspia mere osast suure naftavälja , sel puhul õnnitles firmat ka Venemaa presidendi kohusetäitja Vladimir Putin .","{'start': 61, 'end': 72, 'text': 'Kaspia mere', 'labels': ['LOC']}",yes
322,Maarjamäe kohal läheneb Lasnamäe paekallas merele ning osaliselt merelt võidetud maad mööda piki rannikut edasi sõites tuleb ette Pirita jõgi .,"{'start': 130, 'end': 141, 'text': 'Pirita jõgi', 'labels': ['LOC']}",yes
323,Just selleks oligi vaja Altori omanikud Bahama saarele peita .,"{'start': 40, 'end': 54, 'text': 'Bahama saarele', 'labels': ['LOC']}",yes
324,Abu Sayyafi liikmed röövisid oma vangid Malaisias üheksa päeva tagasi ja tõid nad Filipiinide lõunaosas asuvale Jolo saarele .,"{'start': 112, 'end': 124, 'text': 'Jolo saarele', 'labels': ['LOC']}",yes
325,"Filipiinide sõjaväelased peatasid rünnakud Jolo saarel ümber piiratud islamisisside baasile , et pidada kõnelusi ameeriklasest pantvangi vabastamise üle , mässajad aga keeldusid meest loovutamast , teatas Filipiini ametiisik laupäeval .","{'start': 43, 'end': 54, 'text': 'Jolo saarel', 'labels': ['LOC']}",yes
326,"1. veebruaril lekkis Rumeenia ühest kullakaevandusest Tisza jõkke suur hulk tsüaniidi lahjendamiseks kasutatud naatriumhüpokloriidi , mis on hävitanud elu Tiszas ja osaliselt ka Doonau jões .","{'start': 178, 'end': 189, 'text': 'Doonau jões', 'labels': ['LOC']}",yes
327,Samal ajal on Madagaskari saare üleujutustes hukkunute arvuks teatatud 130.,"{'start': 14, 'end': 31, 'text': 'Madagaskari saare', 'labels': ['LOC']}",yes
328,"Oma abi on venelastele pakkunud ka Norra , kes jälgib Vene laevade liikumist Barentsi meres .","{'start': 77, 'end': 91, 'text': 'Barentsi meres', 'labels': ['LOC']}",yes
329,"Manija saarel toimub homme laulupidu , kuhu on oodatud ligi poolsada lauljat-tantsijat Viljandist , Tõstamaalt , Audrust ja mujalt .","{'start': 0, 'end': 13, 'text': 'Manija saarel', 'labels': ['LOC']}",yes
330,"Aegna saare lähedal 1944. aastal uppunud laeva vraki juurest on sukeldujad mõningail andmeil pidevalt leidnud mürske , kuid eksperdi hinnangul lained neid saarele tuua ei tohiks .","{'start': 0, 'end': 11, 'text': 'Aegna saare', 'labels': ['LOC']}",yes
331,"Uue metoodika kallal töötasid 11 rahandusministeeriumi ametnikku ja kaks Rootsi eksperti , kes käisid kaks aastat tagasi eksootilisel reisil Seishellide saartel .","{'start': 141, 'end': 160, 'text': 'Seishellide saartel', 'labels': ['LOC']}",no
332,"Uudisteagentuur Itar-Tass teatas , et Baikali järve toodi elama kümme aafrika krokodilli , et mitmekesistada veekogu loomariiki .","{'start': 38, 'end': 51, 'text': 'Baikali järve', 'labels': ['LOC']}",no
333,Saksa armeegrupp Nord taganeb Narva jõe - Peipsi järve jooneni .,"{'start': 42, 'end': 54, 'text': 'Peipsi järve', 'labels': ['LOC']}",yes
334,"Ülevõllikiikumise idee autori , Pärnu klubi Vabariigi Võllimees juhatuse liikme Ado Kose hinnangul segas eilset kiikinguvõistlust suppsooja Harku järve ääres vihisev tuul , mis puudeladvad kohati üsna tormiselt õõtsuma pani .","{'start': 140, 'end': 151, 'text': 'Harku järve', 'labels': ['LOC']}",yes
335,Nii näiteks räägivad galaktikatevahelise kaubandusföderatsiooni juhid jaapani aktsendiga ja Naboo saare primitiivsed pikakõrvalised hõimud meenutavad Kariibi mere saarte elanikke .,"{'start': 92, 'end': 103, 'text': 'Naboo saare', 'labels': ['LOC']}",yes
336,Vastuseks Milosevici kangekaelsusele otsustas NATO saata ühe väekoondise Itaalia sadamalinna Brindisisse ja teine liigub Egeuselt Aadria merele piki endise Jugoslaavia rannikut .,"{'start': 130, 'end': 143, 'text': 'Aadria merele', 'labels': ['LOC']}",yes
337,Seoses Rootsi erafirma poolt eesti rahandusametnikele korraldatud koolitusega Seishelli saartel kärgatas ametkondlik äike nii Eestis kui Rootsis .,"{'start': 78, 'end': 95, 'text': 'Seishelli saartel', 'labels': ['LOC']}",no
338,"Kõigi aegade kõrgeim veetase mõõdeti Narva jões 1924. aastal , mil see oli 202 sentimeetrit üle nullpunkti .","{'start': 37, 'end': 47, 'text': 'Narva jões', 'labels': ['LOC']}",yes
339,"Vormsi saare juures triivis ööl vastu teisipäeva suure tuulega madalikule Tallinnasse teel olnud ujuvkraana , mida puksiir ei suutnud tormiga paigal hoida ; meeskonnaliikmed ei saanud vahejuhtumis vigastada .","{'start': 0, 'end': 12, 'text': 'Vormsi saare', 'labels': ['LOC']}",yes
340,"Pärastlõunal käiakse vaatamas Saaremaa dolomiidikaevandust , Kaali järve ja Angla tuulikuid .","{'start': 61, 'end': 72, 'text': 'Kaali järve', 'labels': ['LOC']}",yes
341,"Andres Oper treenib Kehtnas koos Eesti jalgpallikoondisega , kes valmistub EM-valikmänguks võõrsil Fääri saarte vastu , kuigi Aalborgi ründaja peab seda kohtumist laupäeva õhtul kodus telerist vaatama .","{'start': 99, 'end': 111, 'text': 'Fääri saarte', 'labels': ['LOC']}",no
342,"Tuge-vaim pööristorm tabas 6. juulil Luunjat ja Pangodi järve äärseid maid , tuulepuhangud üle 15 meetri sekundis murdsid puid ka Tõravere lähedal metsades .","{'start': 48, 'end': 61, 'text': 'Pangodi järve', 'labels': ['LOC']}",no
343,""" Kõik teevad näo , et usuvad , ja ronivad üle Lokuta jõele langenud puutüve metsa .","{'start': 47, 'end': 59, 'text': 'Lokuta jõele', 'labels': ['LOC']}",yes
344,27. oktoobril 1969 tabas Ruhnu saart tuulepuhang 48 meetrit sekundis .,"{'start': 25, 'end': 36, 'text': 'Ruhnu saart', 'labels': ['LOC']}",no
345,"Ühelt poolt jäi Kariibi mere maade suhkrutööstus kängu , teisalt aga suurenes USA vajadus vastava tööjõu järele .","{'start': 16, 'end': 28, 'text': 'Kariibi mere', 'labels': ['LOC']}",yes
346,"Veiste käsnjat ajuhaigust ehk veistehullust diagnoositi esimest korda Suurbritannias aastal 1986 , kevadeks 2000 ulatus haigestunud lehmade arv Briti saartel aga juba ligi 180 000-ni .","{'start': 144, 'end': 157, 'text': 'Briti saartel', 'labels': ['LOC']}",no
347,"Veelgi enam , kuivõrd populaarset mänksi kassi seostatakse traditsiooniliselt Mani saarega , on temast saanud saare üks olulisemaid sümboleid .","{'start': 78, 'end': 90, 'text': 'Mani saarega', 'labels': ['LOC']}",yes
348,Saksa väed olid juba 1915 okupeerinud Läti lõunaosa kuni Daugava jõeni ja umbkaudu kolmveerand miljonit Läti elanikku evakueerus tagalasse .,"{'start': 57, 'end': 70, 'text': 'Daugava jõeni', 'labels': ['LOC']}",yes
349,"Lisaks puudub Armeenial väljapääs merele , nende põlised maad Musta mere ja Vahemere ääres on juba hulk sajandeid okupeeritud türklaste poolt .","{'start': 62, 'end': 72, 'text': 'Musta mere', 'labels': ['LOC']}",yes
350,"Juulis algasid ehitustööd ka Aasia suuruselt teise , 3,2 miljardi USA dollarilise tammi kallal Hongshuihe jõel riigi lõunaosas Guanxi regioonis .","{'start': 95, 'end': 110, 'text': 'Hongshuihe jõel', 'labels': ['LOC']}",yes
351,"Paraku jookseb halastamatus Külvetil liiva : mahedasse jutuvestja tooni , pikkadesse aruteludesse ning “ kunstilisse ” lõpplahendusse , mis tavaliselt saabub mingi kulissidetaguse detaili läbi ( punane buss : “ Kuhu kuulud , Kristjan ? ” ; tolmunud frakk : “ Hommikust kirjakandja tulekuni ” ; urineeriv hiinlane : “ Sellist inimest ei ole ” ; loteriipilet : “ Märgutuli eksinud lindudele ” ; Deelose saar : “ Epidauruse vastus ” ; sombreero : “ Müüriladuja ” ; santsukott : “ Gulliveri käekõrval ” ; saatmata jäänud postkaart : “ Merehaigus ” ) .","{'start': 393, 'end': 405, 'text': 'Deelose saar', 'labels': ['LOC']}",yes
352,"Võib öelda , et uus ajastu maalähedaste objektide otsinguis algas 1995. aasta detsembris , kui läks käiku NASA kordineeritav kaamera NEAT ( Near-Earth Asteroid Tracking system ) , mis töötab USA õhujõudude teleskoobi taga Havai saartel Halcakala kustunud vulkaani tipul .","{'start': 222, 'end': 235, 'text': 'Havai saartel', 'labels': ['LOC']}",no
353,"Kuid mind küll ei huvita , kas kirjanduslik Kohatu saar kõigis üksikasjades ikka kattub oma protomaastiku , Ruhnu saarega , kas ajalooliselt asus teatud hetkel peale Erik Norrmanni saarel juhuslikult kusagil veel keegi või oli ta üksinda jne.","{'start': 44, 'end': 55, 'text': 'Kohatu saar', 'labels': ['LOC']}",no
355,"Imekauni Daugava jõe kaldal tundub , et sotsialistlik suurtootmine lõppes alles täna .","{'start': 9, 'end': 20, 'text': 'Daugava jõe', 'labels': ['LOC']}",no
356,"Kui sakslased Teises maailmasõjas Taani vallutasid , hõivasid inglased Fääri saared .","{'start': 71, 'end': 83, 'text': 'Fääri saared', 'labels': ['LOC']}",no
357,Püsivama asulakohana tuntakse Eestis 1960-ndate lõpul avastatud Pulli asulat Pärnu jõe alamjooksul Sindi kohal .,"{'start': 77, 'end': 86, 'text': 'Pärnu jõe', 'labels': ['LOC']}",yes
